{
  "type": "FeatureCollection",
  "generator": "overpass-turbo",
  "copyright": "The data included in this document is from www.openstreetmap.org. The data is made available under ODbL.",
  "timestamp": "2026-08-30T08:24:59Z",
  "features": [
    {
      "type": "Feature",
      "properties": {
        "@id": "way/1468423151",
        "amenity": "shelter",
        "building": "roof",
        "bus": "yes",
        "highway": "bus_stop",
        "layer": "1",
        "name": "NITK",
        "public_transport": "platform",
        "roof:material": "metal",
        "roof:shape": "round",
        "shelter_type": "public_transport"
      },
      "geometry": {
        "type": "Polygon",
        "coordinates": [
          [
            [
              74.7930569,
              13.0120981
            ],
            [
              74.7930529,
              13.0119357
            ],
            [
              74.7930914,
              13.0119348
            ],
            [
              74.7930954,
              13.0120972
            ],
            [
              74.7930569,
              13.0120981
            ]
          ]
        ]
      },
      "id": "way/1468423151"
    },
    {
      "type": "Feature",
      "properties": {
        "@id": "way/176064253",
        "highway": "unclassified",
        "lane_markings": "no",
        "lanes": "2",
        "name": "NITK Spine",
        "oneway": "no",
        "smoothness": "excellent",
        "surface": "asphalt"
      },
      "geometry": {
        "type": "LineString",
        "coordinates": [
          [
            74.7940077,
            13.0056127
          ],
          [
            74.794246,
            13.0056841
          ],
          [
            74.7942848,
            13.0056966
          ],
          [
            74.7943823,
            13.005728
          ],
          [
            74.7945062,
            13.0057887
          ],
          [
            74.7945749,
            13.0058289
          ],
          [
            74.7947283,
            13.0059188
          ],
          [
            74.7947786,
            13.0059511
          ],
          [
            74.7948034,
            13.005967
          ],
          [
            74.7949166,
            13.0060395
          ],
          [
            74.7950546,
            13.0061163
          ],
          [
            74.7952292,
            13.0062133
          ],
          [
            74.795335,
            13.0062721
          ],
          [
            74.7955732,
            13.006418
          ],
          [
            74.7958875,
            13.0066171
          ],
          [
            74.7960021,
            13.0066831
          ],
          [
            74.7961464,
            13.0067628
          ],
          [
            74.796388,
            13.0069091
          ],
          [
            74.7964535,
            13.0069429
          ],
          [
            74.7964776,
            13.0069568
          ],
          [
            74.7967024,
            13.0070922
          ],
          [
            74.7968252,
            13.0072157
          ],
          [
            74.7968714,
            13.0072621
          ],
          [
            74.7969197,
            13.0073879
          ],
          [
            74.7969539,
            13.0075664
          ],
          [
            74.7969832,
            13.0076886
          ],
          [
            74.7969855,
            13.0077878
          ],
          [
            74.7969738,
            13.0079499
          ],
          [
            74.7969438,
            13.0080513
          ],
          [
            74.7969243,
            13.0081069
          ],
          [
            74.7968987,
            13.0081799
          ],
          [
            74.7968263,
            13.0083054
          ],
          [
            74.7968071,
            13.0083509
          ],
          [
            74.7967029,
            13.0085981
          ],
          [
            74.7966707,
            13.008781
          ],
          [
            74.7966654,
            13.0088534
          ],
          [
            74.7966621,
            13.0089608
          ],
          [
            74.7965667,
            13.0091351
          ],
          [
            74.7966421,
            13.009471
          ],
          [
            74.7966505,
            13.0094991
          ],
          [
            74.7966595,
            13.0098284
          ],
          [
            74.7966514,
            13.010291
          ],
          [
            74.7966196,
            13.0105502
          ],
          [
            74.796627,
            13.0106991
          ],
          [
            74.7966439,
            13.0110415
          ],
          [
            74.7966259,
            13.011615
          ],
          [
            74.7966219,
            13.011744
          ],
          [
            74.7966219,
            13.0124392
          ],
          [
            74.7961481,
            13.0124492
          ],
          [
            74.7959087,
            13.0124543
          ],
          [
            74.7956113,
            13.0124606
          ],
          [
            74.7955281,
            13.012462
          ],
          [
            74.795368,
            13.0124647
          ],
          [
            74.7946805,
            13.0124763
          ],
          [
            74.7941749,
            13.0124815
          ]
        ]
      },
      "id": "way/176064253"
    },
    {
      "type": "Feature",
      "properties": {
        "@id": "way/176065872",
        "highway": "footway"
      },
      "geometry": {
        "type": "LineString",
        "coordinates": [
          [
            74.792724,
            13.0094928
          ],
          [
            74.7926756,
            13.0094928
          ],
          [
            74.792582,
            13.0094936
          ]
        ]
      },
      "id": "way/176065872"
    },
    {
      "type": "Feature",
      "properties": {
        "@id": "way/176065874",
        "highway": "service",
        "oneway": "no",
        "surface": "asphalt"
      },
      "geometry": {
        "type": "LineString",
        "coordinates": [
          [
            74.7893805,
            13.0152229
          ],
          [
            74.7895039,
            13.0143834
          ],
          [
            74.789509,
            13.0143489
          ]
        ]
      },
      "id": "way/176065874"
    },
    {
      "type": "Feature",
      "properties": {
        "@id": "way/176065876",
        "highway": "unclassified",
        "maxspeed": "30",
        "oneway": "no"
      },
      "geometry": {
        "type": "LineString",
        "coordinates": [
          [
            74.7928508,
            13.0124876
          ],
          [
            74.7927574,
            13.0124867
          ]
        ]
      },
      "id": "way/176065876"
    },
    {
      "type": "Feature",
      "properties": {
        "@id": "way/176065877",
        "highway": "unclassified",
        "lane_markings": "no",
        "lanes": "2",
        "name": "Beach Road",
        "oneway": "no",
        "smoothness": "excellent",
        "surface": "asphalt"
      },
      "geometry": {
        "type": "LineString",
        "coordinates": [
          [
            74.7923953,
            13.0134354
          ],
          [
            74.7923148,
            13.0135608
          ],
          [
            74.7922853,
            13.0136287
          ],
          [
            74.792274,
            13.01367
          ],
          [
            74.7922606,
            13.0137876
          ],
          [
            74.7922445,
            13.0139444
          ],
          [
            74.7922075,
            13.0142324
          ],
          [
            74.7921349,
            13.0147896
          ]
        ]
      },
      "id": "way/176065877"
    },
    {
      "type": "Feature",
      "properties": {
        "@id": "way/176068093",
        "highway": "unclassified",
        "name": "Coconut Grove Road",
        "oneway": "no",
        "surface": "ground"
      },
      "geometry": {
        "type": "LineString",
        "coordinates": [
          [
            74.7950546,
            13.0061163
          ],
          [
            74.7950936,
            13.0060526
          ],
          [
            74.7951392,
            13.0059664
          ],
          [
            74.7951735,
            13.0058901
          ],
          [
            74.7952062,
            13.0057965
          ],
          [
            74.7952197,
            13.0057155
          ],
          [
            74.7952357,
            13.0056371
          ],
          [
            74.7952357,
            13.005577
          ],
          [
            74.7951961,
            13.0054853
          ],
          [
            74.7950684,
            13.0053693
          ]
        ]
      },
      "id": "way/176068093"
    },
    {
      "type": "Feature",
      "properties": {
        "@id": "way/176068094",
        "highway": "service",
        "oneway": "no",
        "surface": "asphalt"
      },
      "geometry": {
        "type": "LineString",
        "coordinates": [
          [
            74.7966654,
            13.0088534
          ],
          [
            74.7972335,
            13.0089059
          ],
          [
            74.7979094,
            13.0089608
          ],
          [
            74.7979764,
            13.0089608
          ],
          [
            74.7980682,
            13.0088097
          ],
          [
            74.7980816,
            13.0087392
          ],
          [
            74.798085,
            13.0086732
          ],
          [
            74.7981191,
            13.0086085
          ],
          [
            74.7981508,
            13.0086001
          ],
          [
            74.7981808,
            13.0085902
          ],
          [
            74.7982103,
            13.0086059
          ],
          [
            74.7982479,
            13.0086451
          ],
          [
            74.7982527,
            13.0087021
          ],
          [
            74.7982184,
            13.0087366
          ],
          [
            74.7981647,
            13.0087679
          ],
          [
            74.7981164,
            13.0087836
          ],
          [
            74.7980682,
            13.0088097
          ]
        ]
      },
      "id": "way/176068094"
    },
    {
      "type": "Feature",
      "properties": {
        "@id": "way/176068095",
        "highway": "unclassified",
        "lane_markings": "no",
        "lanes": "2",
        "name": "Block 4 to SBI ATM",
        "oneway": "no",
        "surface": "asphalt"
      },
      "geometry": {
        "type": "LineString",
        "coordinates": [
          [
            74.7952292,
            13.0062133
          ],
          [
            74.7951767,
            13.0062826
          ],
          [
            74.7950882,
            13.0063976
          ],
          [
            74.7949678,
            13.0065101
          ],
          [
            74.7949568,
            13.0065204
          ],
          [
            74.7948817,
            13.0065622
          ],
          [
            74.7948547,
            13.0065938
          ],
          [
            74.7948415,
            13.0066093
          ],
          [
            74.7948122,
            13.0066592
          ],
          [
            74.7947449,
            13.0067739
          ],
          [
            74.7947335,
            13.0067832
          ],
          [
            74.7946778,
            13.0068288
          ],
          [
            74.794533,
            13.0068288
          ],
          [
            74.7943962,
            13.0068628
          ],
          [
            74.7942774,
            13.0068702
          ],
          [
            74.7942033,
            13.0068861
          ],
          [
            74.7942138,
            13.0070483
          ],
          [
            74.794238,
            13.0071711
          ],
          [
            74.7942884,
            13.0076828
          ],
          [
            74.794292,
            13.0077246
          ],
          [
            74.7943109,
            13.0079459
          ],
          [
            74.7943157,
            13.0080022
          ],
          [
            74.7943146,
            13.0081841
          ],
          [
            74.7943141,
            13.0082519
          ],
          [
            74.7942997,
            13.0085144
          ],
          [
            74.7942992,
            13.0088217
          ],
          [
            74.7942992,
            13.0088388
          ],
          [
            74.7942991,
            13.0089059
          ],
          [
            74.7942991,
            13.0091381
          ]
        ]
      },
      "id": "way/176068095"
    },
    {
      "type": "Feature",
      "properties": {
        "@id": "way/176068096",
        "highway": "unclassified",
        "name": "Coconut Grove Road",
        "oneway": "no",
        "surface": "ground"
      },
      "geometry": {
        "type": "LineString",
        "coordinates": [
          [
            74.7968071,
            13.0083509
          ],
          [
            74.7968585,
            13.0083628
          ],
          [
            74.7969626,
            13.0083963
          ],
          [
            74.797043,
            13.0083989
          ],
          [
            74.7971696,
            13.0083942
          ],
          [
            74.7972501,
            13.0083811
          ],
          [
            74.7973627,
            13.0083576
          ],
          [
            74.7974834,
            13.0083027
          ],
          [
            74.7976202,
            13.0082609
          ],
          [
            74.7976685,
            13.0082217
          ],
          [
            74.7977597,
            13.0081198
          ],
          [
            74.797816,
            13.0080545
          ],
          [
            74.7978584,
            13.007952
          ],
          [
            74.7978804,
            13.0078663
          ],
          [
            74.7978858,
            13.0077513
          ],
          [
            74.797867,
            13.0075527
          ],
          [
            74.7978455,
            13.0073332
          ],
          [
            74.7977999,
            13.0071137
          ],
          [
            74.7977382,
            13.0069751
          ],
          [
            74.7976471,
            13.0068837
          ],
          [
            74.7974915,
            13.0067896
          ],
          [
            74.7973761,
            13.0067295
          ],
          [
            74.7971803,
            13.0066014
          ],
          [
            74.797065,
            13.0064943
          ],
          [
            74.7969926,
            13.0063636
          ],
          [
            74.7968987,
            13.0062486
          ],
          [
            74.7967941,
            13.0061049
          ],
          [
            74.7967136,
            13.0060317
          ],
          [
            74.7966037,
            13.0059507
          ],
          [
            74.7965125,
            13.0059089
          ],
          [
            74.7964347,
            13.0058435
          ],
          [
            74.7963837,
            13.005807
          ],
          [
            74.7963462,
            13.0057808
          ],
          [
            74.7962443,
            13.0057207
          ],
          [
            74.7960672,
            13.005624
          ],
          [
            74.7958258,
            13.005496
          ],
          [
            74.7957454,
            13.0054672
          ],
          [
            74.795633,
            13.0053937
          ],
          [
            74.7955576,
            13.0053444
          ],
          [
            74.7953806,
            13.0052712
          ],
          [
            74.7952626,
            13.005198
          ],
          [
            74.7951445,
            13.0051562
          ]
        ]
      },
      "id": "way/176068096"
    },
    {
      "type": "Feature",
      "properties": {
        "@id": "way/176068326",
        "highway": "unclassified",
        "oneway": "no"
      },
      "geometry": {
        "type": "LineString",
        "coordinates": [
          [
            74.7948122,
            13.0066592
          ],
          [
            74.7946618,
            13.0065675
          ],
          [
            74.7945813,
            13.0065204
          ],
          [
            74.7945089,
            13.0065047
          ],
          [
            74.7944606,
            13.0065439
          ],
          [
            74.7944204,
            13.0066432
          ],
          [
            74.7943721,
            13.0067216
          ],
          [
            74.7943104,
            13.0068079
          ],
          [
            74.7942033,
            13.0068861
          ],
          [
            74.7941401,
            13.0068719
          ],
          [
            74.7940978,
            13.0068253
          ],
          [
            74.7940639,
            13.0067572
          ],
          [
            74.794065,
            13.0066949
          ],
          [
            74.7940792,
            13.0066349
          ],
          [
            74.7941194,
            13.0065625
          ],
          [
            74.7941843,
            13.0065622
          ],
          [
            74.7942246,
            13.0064812
          ],
          [
            74.7942192,
            13.0064237
          ],
          [
            74.7942219,
            13.0064002
          ],
          [
            74.7942272,
            13.0063688
          ],
          [
            74.7940985,
            13.0063218
          ],
          [
            74.7940314,
            13.0062774
          ],
          [
            74.7939992,
            13.0062356
          ],
          [
            74.7939778,
            13.0062042
          ],
          [
            74.7939599,
            13.0061452
          ],
          [
            74.7939831,
            13.0060924
          ],
          [
            74.7940047,
            13.0060508
          ],
          [
            74.7940462,
            13.0059952
          ],
          [
            74.7941204,
            13.0060209
          ],
          [
            74.794165,
            13.0060599
          ],
          [
            74.7942642,
            13.0061148
          ],
          [
            74.7943345,
            13.0061415
          ],
          [
            74.7943855,
            13.0061284
          ],
          [
            74.7944364,
            13.0060892
          ],
          [
            74.794466,
            13.0060291
          ],
          [
            74.7945062,
            13.0059507
          ],
          [
            74.7945518,
            13.0058697
          ],
          [
            74.7945749,
            13.0058289
          ]
        ]
      },
      "id": "way/176068326"
    },
    {
      "type": "Feature",
      "properties": {
        "@id": "way/176068327",
        "highway": "unclassified",
        "oneway": "no"
      },
      "geometry": {
        "type": "LineString",
        "coordinates": [
          [
            74.7948547,
            13.0065938
          ],
          [
            74.7949595,
            13.0066328
          ],
          [
            74.795115,
            13.006706
          ],
          [
            74.7952009,
            13.0067033
          ],
          [
            74.7952679,
            13.0066537
          ],
          [
            74.7953237,
            13.006546
          ],
          [
            74.7953672,
            13.0064708
          ],
          [
            74.795402,
            13.0064342
          ],
          [
            74.7954664,
            13.006442
          ],
          [
            74.7955341,
            13.0064615
          ],
          [
            74.7955848,
            13.0065211
          ],
          [
            74.795656,
            13.0065937
          ],
          [
            74.7955733,
            13.0067163
          ],
          [
            74.7955055,
            13.0068209
          ],
          [
            74.7954557,
            13.006902
          ],
          [
            74.7955076,
            13.006926
          ],
          [
            74.7955943,
            13.0069878
          ],
          [
            74.7957052,
            13.0070675
          ]
        ]
      },
      "id": "way/176068327"
    },
    {
      "type": "Feature",
      "properties": {
        "@id": "way/176068328",
        "highway": "unclassified",
        "oneway": "no",
        "surface": "asphalt"
      },
      "geometry": {
        "type": "LineString",
        "coordinates": [
          [
            74.7949678,
            13.0065101
          ],
          [
            74.7949595,
            13.0065021
          ],
          [
            74.7949219,
            13.0064838
          ],
          [
            74.794828,
            13.0064211
          ],
          [
            74.7947288,
            13.006361
          ],
          [
            74.7946698,
            13.0062852
          ],
          [
            74.7946698,
            13.0062094
          ],
          [
            74.794702,
            13.0061441
          ],
          [
            74.7947422,
            13.0060605
          ],
          [
            74.7947851,
            13.0059951
          ],
          [
            74.7948034,
            13.005967
          ]
        ]
      },
      "id": "way/176068328"
    },
    {
      "type": "Feature",
      "properties": {
        "@id": "way/176068428",
        "highway": "unclassified",
        "lane_markings": "no",
        "lanes": "2",
        "name": "Mega Mess Road",
        "oneway": "no",
        "surface": "asphalt"
      },
      "geometry": {
        "type": "LineString",
        "coordinates": [
          [
            74.7960021,
            13.0066831
          ],
          [
            74.7959707,
            13.0067425
          ],
          [
            74.7958902,
            13.0068863
          ],
          [
            74.7958231,
            13.0070431
          ],
          [
            74.7957829,
            13.0072234
          ],
          [
            74.7957073,
            13.007479
          ],
          [
            74.795672,
            13.0076027
          ],
          [
            74.7956402,
            13.0077142
          ],
          [
            74.7955388,
            13.0078637
          ],
          [
            74.7954745,
            13.0079369
          ],
          [
            74.795406,
            13.0079786
          ],
          [
            74.7952798,
            13.0080554
          ],
          [
            74.7951982,
            13.0080963
          ],
          [
            74.7950581,
            13.0080838
          ],
          [
            74.7949593,
            13.0080887
          ],
          [
            74.7949,
            13.0081358
          ],
          [
            74.794764,
            13.0082725
          ],
          [
            74.7946108,
            13.0082923
          ],
          [
            74.7944633,
            13.0082818
          ],
          [
            74.7943141,
            13.0082519
          ]
        ]
      },
      "id": "way/176068428"
    },
    {
      "type": "Feature",
      "properties": {
        "@id": "way/176068431",
        "highway": "unclassified",
        "lane_markings": "no",
        "lanes": "2",
        "name": "Hostel office Road",
        "oneway": "no",
        "surface": "asphalt"
      },
      "geometry": {
        "type": "LineString",
        "coordinates": [
          [
            74.7969855,
            13.0077878
          ],
          [
            74.796947,
            13.0077722
          ],
          [
            74.7968585,
            13.0077461
          ],
          [
            74.7967002,
            13.0077095
          ],
          [
            74.7965852,
            13.0076848
          ],
          [
            74.7964803,
            13.0076651
          ],
          [
            74.7964013,
            13.0076477
          ],
          [
            74.7964159,
            13.0077043
          ],
          [
            74.7964044,
            13.0077113
          ]
        ]
      },
      "id": "way/176068431"
    },
    {
      "type": "Feature",
      "properties": {
        "@id": "way/176068628",
        "highway": "unclassified",
        "lane_markings": "no",
        "lanes": "2",
        "name": "mega tower Circle",
        "oneway": "no",
        "surface": "asphalt"
      },
      "geometry": {
        "type": "LineString",
        "coordinates": [
          [
            74.794533,
            13.0068288
          ],
          [
            74.7944579,
            13.0069412
          ],
          [
            74.7944069,
            13.0070091
          ],
          [
            74.7943667,
            13.0070875
          ],
          [
            74.7943528,
            13.0072151
          ],
          [
            74.7943662,
            13.00733
          ],
          [
            74.7944043,
            13.0074273
          ],
          [
            74.7945079,
            13.0074482
          ],
          [
            74.7946171,
            13.0074896
          ],
          [
            74.7947023,
            13.0075249
          ],
          [
            74.7947685,
            13.0075341
          ],
          [
            74.7948188,
            13.0075124
          ],
          [
            74.7948514,
            13.0074839
          ],
          [
            74.7948817,
            13.0074377
          ],
          [
            74.7949005,
            13.0073802
          ],
          [
            74.7949058,
            13.0073227
          ],
          [
            74.7948978,
            13.0072731
          ],
          [
            74.7949139,
            13.0071999
          ],
          [
            74.7949461,
            13.0071424
          ],
          [
            74.7949836,
            13.0070614
          ],
          [
            74.7949943,
            13.0070143
          ],
          [
            74.7949863,
            13.0069699
          ],
          [
            74.7949622,
            13.0069281
          ],
          [
            74.7949032,
            13.0068941
          ],
          [
            74.7948388,
            13.0068628
          ],
          [
            74.794769,
            13.0068157
          ],
          [
            74.7947335,
            13.0067832
          ]
        ]
      },
      "id": "way/176068628"
    },
    {
      "type": "Feature",
      "properties": {
        "@id": "way/176068812",
        "highway": "unclassified",
        "lane_markings": "no",
        "lanes": "2",
        "oneway": "no",
        "surface": "asphalt"
      },
      "geometry": {
        "type": "LineString",
        "coordinates": [
          [
            74.7946108,
            13.0082923
          ],
          [
            74.7945679,
            13.0082452
          ],
          [
            74.7945223,
            13.0081904
          ],
          [
            74.7944901,
            13.0081433
          ],
          [
            74.7944928,
            13.0080832
          ],
          [
            74.7945142,
            13.0080362
          ],
          [
            74.7945357,
            13.0079865
          ],
          [
            74.7945679,
            13.0079264
          ],
          [
            74.7946001,
            13.0078663
          ],
          [
            74.7946027,
            13.0078219
          ],
          [
            74.794533,
            13.0077827
          ],
          [
            74.7944686,
            13.0077592
          ],
          [
            74.7944284,
            13.0077095
          ],
          [
            74.7943882,
            13.0076755
          ],
          [
            74.7943748,
            13.0075919
          ],
          [
            74.7943667,
            13.0075213
          ],
          [
            74.7943667,
            13.0074508
          ],
          [
            74.7944043,
            13.0074273
          ]
        ]
      },
      "id": "way/176068812"
    },
    {
      "type": "Feature",
      "properties": {
        "@id": "way/176068903",
        "highway": "unclassified",
        "lane_markings": "no",
        "lanes": "2",
        "name": "Mega mess Right Road",
        "oneway": "no",
        "surface": "asphalt"
      },
      "geometry": {
        "type": "LineString",
        "coordinates": [
          [
            74.7948978,
            13.0072731
          ],
          [
            74.7949541,
            13.007307
          ],
          [
            74.7950448,
            13.0073431
          ],
          [
            74.795115,
            13.0073671
          ],
          [
            74.795185,
            13.0074026
          ],
          [
            74.7952303,
            13.0073337
          ],
          [
            74.7952731,
            13.007277
          ],
          [
            74.795312,
            13.0072137
          ],
          [
            74.7953374,
            13.0071824
          ],
          [
            74.7953372,
            13.007162
          ],
          [
            74.7953491,
            13.0071391
          ],
          [
            74.7953994,
            13.0071738
          ],
          [
            74.7954659,
            13.0072124
          ],
          [
            74.7955195,
            13.0072386
          ],
          [
            74.795549,
            13.0072621
          ]
        ]
      },
      "id": "way/176068903"
    },
    {
      "type": "Feature",
      "properties": {
        "@id": "way/176068904",
        "highway": "service",
        "oneway": "no",
        "service": "driveway"
      },
      "geometry": {
        "type": "LineString",
        "coordinates": [
          [
            74.7955732,
            13.006418
          ],
          [
            74.7955817,
            13.0063924
          ],
          [
            74.7956005,
            13.0063166
          ],
          [
            74.7956166,
            13.0062382
          ],
          [
            74.795622,
            13.0061702
          ],
          [
            74.7956139,
            13.0061258
          ],
          [
            74.795571,
            13.0060944
          ],
          [
            74.7955147,
            13.0061101
          ],
          [
            74.795453,
            13.0061676
          ],
          [
            74.7953833,
            13.0062199
          ],
          [
            74.795335,
            13.0062721
          ]
        ]
      },
      "id": "way/176068904"
    },
    {
      "type": "Feature",
      "properties": {
        "@id": "way/176068915",
        "highway": "service",
        "oneway": "no",
        "service": "driveway"
      },
      "geometry": {
        "type": "LineString",
        "coordinates": [
          [
            74.7942848,
            13.0056966
          ],
          [
            74.7943211,
            13.0056658
          ],
          [
            74.7944311,
            13.0055874
          ],
          [
            74.7945196,
            13.0055404
          ],
          [
            74.7945679,
            13.0055169
          ],
          [
            74.7946376,
            13.005509
          ],
          [
            74.7947208,
            13.0055587
          ],
          [
            74.7947529,
            13.0056449
          ],
          [
            74.7947873,
            13.0057594
          ],
          [
            74.7947953,
            13.0058665
          ],
          [
            74.7947786,
            13.0059511
          ]
        ]
      },
      "id": "way/176068915"
    },
    {
      "type": "Feature",
      "properties": {
        "@id": "way/176069079",
        "highway": "service",
        "oneway": "no",
        "service": "driveway"
      },
      "geometry": {
        "type": "LineString",
        "coordinates": [
          [
            74.7969855,
            13.0077878
          ],
          [
            74.7970409,
            13.0078349
          ],
          [
            74.7971315,
            13.0078998
          ],
          [
            74.7971991,
            13.007963
          ],
          [
            74.7972066,
            13.0080095
          ],
          [
            74.7971616,
            13.0080545
          ],
          [
            74.7970918,
            13.0080858
          ],
          [
            74.7970167,
            13.0080911
          ],
          [
            74.7969443,
            13.0080911
          ],
          [
            74.7969243,
            13.0081069
          ]
        ]
      },
      "id": "way/176069079"
    },
    {
      "type": "Feature",
      "properties": {
        "@id": "way/176069212",
        "highway": "service",
        "oneway": "no",
        "surface": "asphalt"
      },
      "geometry": {
        "type": "LineString",
        "coordinates": [
          [
            74.7965667,
            13.0091351
          ],
          [
            74.796652,
            13.0091678
          ],
          [
            74.7967614,
            13.0091594
          ],
          [
            74.7968848,
            13.009162
          ],
          [
            74.7970296,
            13.0091542
          ],
          [
            74.7971482,
            13.0091599
          ],
          [
            74.7972469,
            13.0091516
          ],
          [
            74.7972951,
            13.0091542
          ]
        ]
      },
      "id": "way/176069212"
    },
    {
      "type": "Feature",
      "properties": {
        "@id": "way/176069290",
        "highway": "service",
        "oneway": "no",
        "service": "driveway"
      },
      "geometry": {
        "type": "LineString",
        "coordinates": [
          [
            74.7968252,
            13.0072157
          ],
          [
            74.7969438,
            13.0071785
          ],
          [
            74.797043,
            13.0071758
          ],
          [
            74.7970838,
            13.0072234
          ],
          [
            74.7970804,
            13.0072716
          ],
          [
            74.7970533,
            13.0073118
          ],
          [
            74.7969923,
            13.0073493
          ],
          [
            74.7969197,
            13.0073879
          ]
        ]
      },
      "id": "way/176069290"
    },
    {
      "type": "Feature",
      "properties": {
        "@id": "way/176069361",
        "highway": "service",
        "oneway": "no",
        "surface": "asphalt"
      },
      "geometry": {
        "type": "LineString",
        "coordinates": [
          [
            74.7951612,
            13.0086035
          ],
          [
            74.7950534,
            13.008619
          ],
          [
            74.7950361,
            13.0086481
          ],
          [
            74.7950285,
            13.0086897
          ],
          [
            74.7950298,
            13.0090396
          ],
          [
            74.7950301,
            13.0091317
          ]
        ]
      },
      "id": "way/176069361"
    },
    {
      "type": "Feature",
      "properties": {
        "@id": "way/176069414",
        "highway": "unclassified",
        "lane_markings": "no",
        "maxspeed": "20",
        "maxspeed:type": "sign",
        "name": "Main Building In Road",
        "oneway": "no",
        "smoothness": "excellent",
        "surface": "asphalt"
      },
      "geometry": {
        "type": "LineString",
        "coordinates": [
          [
            74.793025,
            13.0109799
          ],
          [
            74.7931713,
            13.010979
          ],
          [
            74.7932026,
            13.0109788
          ],
          [
            74.7934864,
            13.0109809
          ],
          [
            74.7938217,
            13.0109861
          ],
          [
            74.7938864,
            13.0109782
          ],
          [
            74.7939335,
            13.0109725
          ],
          [
            74.7940958,
            13.0109527
          ],
          [
            74.7941763,
            13.0109077
          ]
        ]
      },
      "id": "way/176069414"
    },
    {
      "type": "Feature",
      "properties": {
        "@id": "way/176069415",
        "highway": "unclassified",
        "lanes": "1",
        "name": "Main Building Out road",
        "oneway": "no",
        "smoothness": "excellent",
        "surface": "asphalt"
      },
      "geometry": {
        "type": "LineString",
        "coordinates": [
          [
            74.7930249,
            13.010634
          ],
          [
            74.7931672,
            13.0106419
          ],
          [
            74.7932263,
            13.0106437
          ],
          [
            74.7932704,
            13.0106448
          ],
          [
            74.7935004,
            13.0106469
          ],
          [
            74.7937874,
            13.0106522
          ],
          [
            74.7938779,
            13.0106555
          ],
          [
            74.7939025,
            13.0106564
          ],
          [
            74.7940019,
            13.01066
          ],
          [
            74.7940821,
            13.0106814
          ],
          [
            74.7941758,
            13.0107065
          ]
        ]
      },
      "id": "way/176069415"
    },
    {
      "type": "Feature",
      "properties": {
        "@id": "way/176069650",
        "highway": "service",
        "oneway": "no",
        "surface": "asphalt"
      },
      "geometry": {
        "type": "LineString",
        "coordinates": [
          [
            74.7941704,
            13.0101028
          ],
          [
            74.7942138,
            13.0101138
          ],
          [
            74.7942803,
            13.0101081
          ],
          [
            74.7942991,
            13.0101499
          ],
          [
            74.7942943,
            13.0102549
          ],
          [
            74.7942406,
            13.0103072
          ],
          [
            74.794187,
            13.0103203
          ],
          [
            74.7941734,
            13.0103511
          ]
        ]
      },
      "id": "way/176069650"
    },
    {
      "type": "Feature",
      "properties": {
        "@id": "way/176069651",
        "highway": "footway",
        "smoothness": "good",
        "surface": "paving_stones"
      },
      "geometry": {
        "type": "LineString",
        "coordinates": [
          [
            74.7938864,
            13.0109782
          ],
          [
            74.793892,
            13.0109475
          ],
          [
            74.7939004,
            13.0108662
          ],
          [
            74.7939011,
            13.010755
          ],
          [
            74.7939025,
            13.0106564
          ]
        ]
      },
      "id": "way/176069651"
    },
    {
      "type": "Feature",
      "properties": {
        "@id": "way/176069687",
        "highway": "unclassified",
        "lane_markings": "no",
        "lanes": "2",
        "name": "eLibrary road",
        "oneway": "no",
        "surface": "asphalt"
      },
      "geometry": {
        "type": "LineString",
        "coordinates": [
          [
            74.7950354,
            13.0098255
          ],
          [
            74.7950433,
            13.0101532
          ],
          [
            74.7950305,
            13.0101881
          ],
          [
            74.7950104,
            13.0102053
          ],
          [
            74.7948415,
            13.0102784
          ],
          [
            74.7946966,
            13.0103516
          ]
        ]
      },
      "id": "way/176069687"
    },
    {
      "type": "Feature",
      "properties": {
        "@id": "way/176069858",
        "highway": "footway",
        "surface": "paving_stones"
      },
      "geometry": {
        "type": "LineString",
        "coordinates": [
          [
            74.7944646,
            13.0108711
          ],
          [
            74.7944981,
            13.0108717
          ],
          [
            74.794798,
            13.0108746
          ],
          [
            74.7948254,
            13.0108764
          ]
        ]
      },
      "id": "way/176069858"
    },
    {
      "type": "Feature",
      "properties": {
        "@id": "way/176071087",
        "highway": "unclassified",
        "lane_markings": "no",
        "lanes": "2",
        "name": "Old medows",
        "oneway": "no",
        "surface": "asphalt"
      },
      "geometry": {
        "type": "LineString",
        "coordinates": [
          [
            74.7977517,
            13.0110402
          ],
          [
            74.7980634,
            13.0110376
          ],
          [
            74.7982291,
            13.0110494
          ],
          [
            74.7984002,
            13.0110881
          ],
          [
            74.7985531,
            13.0111011
          ],
          [
            74.7986845,
            13.0110907
          ],
          [
            74.7988433,
            13.0110468
          ],
          [
            74.798956,
            13.0110023
          ],
          [
            74.7990686,
            13.0109311
          ],
          [
            74.7992296,
            13.0108625
          ],
          [
            74.7993234,
            13.0108438
          ],
          [
            74.7994087,
            13.0108727
          ],
          [
            74.7994743,
            13.010874
          ],
          [
            74.7995239,
            13.0108649
          ],
          [
            74.7995927,
            13.0108335
          ],
          [
            74.7996755,
            13.0108096
          ],
          [
            74.7997747,
            13.0108204
          ],
          [
            74.7999029,
            13.0108529
          ],
          [
            74.8000342,
            13.0109213
          ],
          [
            74.8001281,
            13.0109422
          ],
          [
            74.8001946,
            13.0109496
          ]
        ]
      },
      "id": "way/176071087"
    },
    {
      "type": "Feature",
      "properties": {
        "@id": "way/176071088",
        "highway": "unclassified",
        "lane_markings": "no",
        "lanes": "2",
        "name": "Swimming pool Road",
        "oneway": "no",
        "surface": "asphalt"
      },
      "geometry": {
        "type": "LineString",
        "coordinates": [
          [
            74.7966439,
            13.0110415
          ],
          [
            74.796711,
            13.0110415
          ],
          [
            74.7971267,
            13.0110337
          ],
          [
            74.7976646,
            13.0110383
          ],
          [
            74.7977517,
            13.0110402
          ],
          [
            74.7977195,
            13.0113551
          ]
        ]
      },
      "id": "way/176071088"
    },
    {
      "type": "Feature",
      "properties": {
        "@id": "way/176071089",
        "highway": "residential",
        "lane_markings": "no",
        "lanes": "2",
        "name": "Back Gate Road",
        "surface": "asphalt"
      },
      "geometry": {
        "type": "LineString",
        "coordinates": [
          [
            74.7979764,
            13.0089608
          ],
          [
            74.7984914,
            13.0090287
          ],
          [
            74.7985934,
            13.0090366
          ],
          [
            74.798795,
            13.0090353
          ]
        ]
      },
      "id": "way/176071089"
    },
    {
      "type": "Feature",
      "properties": {
        "@id": "way/192093166",
        "highway": "unclassified",
        "lane_markings": "no",
        "lanes": "2",
        "name": "Lighthouse Rd",
        "surface": "asphalt"
      },
      "geometry": {
        "type": "LineString",
        "coordinates": [
          [
            74.790137,
            13.0044583
          ],
          [
            74.7899975,
            13.0046726
          ],
          [
            74.78974,
            13.0050803
          ],
          [
            74.7896193,
            13.0051819
          ],
          [
            74.7895335,
            13.0052133
          ]
        ]
      },
      "id": "way/192093166"
    },
    {
      "type": "Feature",
      "properties": {
        "@id": "way/219225822",
        "highway": "unclassified",
        "lane_markings": "no",
        "lanes": "2",
        "name": "Pavallion Road",
        "oneway": "no",
        "surface": "asphalt"
      },
      "geometry": {
        "type": "LineString",
        "coordinates": [
          [
            74.7946966,
            13.0103516
          ],
          [
            74.7945276,
            13.0104457
          ],
          [
            74.794474,
            13.0105006
          ],
          [
            74.7944681,
            13.0106072
          ],
          [
            74.7944646,
            13.0108711
          ],
          [
            74.7944627,
            13.0110175
          ],
          [
            74.7944556,
            13.0112548
          ],
          [
            74.7944552,
            13.0112689
          ],
          [
            74.7944769,
            13.0112609
          ],
          [
            74.7946179,
            13.0112612
          ],
          [
            74.7947397,
            13.0112626
          ],
          [
            74.79479,
            13.0112684
          ],
          [
            74.7948039,
            13.011248
          ],
          [
            74.7948173,
            13.0112114
          ],
          [
            74.7948254,
            13.0110154
          ],
          [
            74.7948254,
            13.0108764
          ],
          [
            74.7948254,
            13.0107959
          ],
          [
            74.7948307,
            13.0106156
          ],
          [
            74.7948307,
            13.0104562
          ],
          [
            74.7948415,
            13.0102784
          ]
        ]
      },
      "id": "way/219225822"
    },
    {
      "type": "Feature",
      "properties": {
        "@id": "way/219225827",
        "highway": "secondary",
        "lane_markings": "no",
        "lanes": "2",
        "name": "Munchur Road",
        "surface": "asphalt"
      },
      "geometry": {
        "type": "LineString",
        "coordinates": [
          [
            74.7978742,
            13.0052793
          ],
          [
            74.7978836,
            13.0054102
          ],
          [
            74.7978554,
            13.0056143
          ],
          [
            74.7978657,
            13.0057899
          ],
          [
            74.7978775,
            13.0059384
          ],
          [
            74.7979099,
            13.0060526
          ],
          [
            74.7979357,
            13.0060904
          ],
          [
            74.7979708,
            13.0061252
          ],
          [
            74.7980283,
            13.0061709
          ],
          [
            74.7980661,
            13.0062056
          ],
          [
            74.7980861,
            13.0062349
          ],
          [
            74.7980959,
            13.0062661
          ],
          [
            74.7981531,
            13.0064702
          ],
          [
            74.7981827,
            13.0066283
          ],
          [
            74.798235,
            13.0069112
          ],
          [
            74.7982998,
            13.0073448
          ],
          [
            74.7983385,
            13.0075296
          ],
          [
            74.7983701,
            13.0075778
          ],
          [
            74.7984129,
            13.0076052
          ],
          [
            74.7984677,
            13.0076359
          ],
          [
            74.7985224,
            13.0076635
          ],
          [
            74.7985586,
            13.0076802
          ],
          [
            74.7985867,
            13.0076989
          ],
          [
            74.798603,
            13.007717
          ],
          [
            74.7986162,
            13.007748
          ],
          [
            74.7986367,
            13.0078486
          ],
          [
            74.7986663,
            13.0079813
          ],
          [
            74.798771,
            13.008593
          ],
          [
            74.798811,
            13.0087726
          ],
          [
            74.7988434,
            13.0088892
          ],
          [
            74.7989008,
            13.0090144
          ],
          [
            74.7989576,
            13.0090514
          ],
          [
            74.7990078,
            13.0090757
          ],
          [
            74.7990614,
            13.0090966
          ],
          [
            74.7991295,
            13.0091047
          ],
          [
            74.7991952,
            13.0091048
          ],
          [
            74.799277,
            13.0090879
          ],
          [
            74.7993564,
            13.0090618
          ],
          [
            74.7995221,
            13.009002
          ]
        ]
      },
      "id": "way/219225827"
    },
    {
      "type": "Feature",
      "properties": {
        "@id": "way/239320948",
        "highway": "unclassified",
        "lane_markings": "no",
        "lanes": "2",
        "name": "Red Rock Road",
        "surface": "asphalt"
      },
      "geometry": {
        "type": "LineString",
        "coordinates": [
          [
            74.7878433,
            13.0159546
          ],
          [
            74.7878918,
            13.0159886
          ],
          [
            74.7880607,
            13.0160304
          ],
          [
            74.7883397,
            13.0160618
          ],
          [
            74.7890076,
            13.0161428
          ],
          [
            74.7891068,
            13.0161323
          ],
          [
            74.7893831,
            13.0160565
          ],
          [
            74.7897307,
            13.0159199
          ],
          [
            74.7902897,
            13.0157142
          ],
          [
            74.7904372,
            13.0156802
          ],
          [
            74.7905257,
            13.015709
          ],
          [
            74.7906678,
            13.0157638
          ],
          [
            74.7915986,
            13.0161193
          ],
          [
            74.792046,
            13.0162831
          ]
        ]
      },
      "id": "way/239320948"
    },
    {
      "type": "Feature",
      "properties": {
        "@id": "way/239320952",
        "highway": "residential"
      },
      "geometry": {
        "type": "LineString",
        "coordinates": [
          [
            74.7890076,
            13.0161428
          ],
          [
            74.7889845,
            13.0170988
          ]
        ]
      },
      "id": "way/239320952"
    },
    {
      "type": "Feature",
      "properties": {
        "@id": "way/239322874",
        "highway": "unclassified",
        "lane_markings": "no",
        "lanes": "2",
        "name": "Spine - NITK Quaters",
        "oneway": "no",
        "surface": "asphalt"
      },
      "geometry": {
        "type": "LineString",
        "coordinates": [
          [
            74.7928569,
            13.0149389
          ],
          [
            74.7930738,
            13.0149607
          ],
          [
            74.7934945,
            13.0150551
          ],
          [
            74.7939101,
            13.0151263
          ],
          [
            74.7942267,
            13.0151805
          ],
          [
            74.7950373,
            13.0153379
          ],
          [
            74.7956338,
            13.015442
          ],
          [
            74.7957856,
            13.0154685
          ],
          [
            74.7959061,
            13.0154865
          ],
          [
            74.7959312,
            13.0154902
          ],
          [
            74.7963462,
            13.0155521
          ],
          [
            74.7965528,
            13.0155885
          ],
          [
            74.7972206,
            13.0157063
          ],
          [
            74.7978725,
            13.0158154
          ],
          [
            74.7982666,
            13.0158814
          ],
          [
            74.7983546,
            13.0158861
          ],
          [
            74.7984115,
            13.015871
          ],
          [
            74.7984383,
            13.0158318
          ],
          [
            74.7984356,
            13.0157142
          ],
          [
            74.7984142,
            13.0151366
          ],
          [
            74.7984142,
            13.0148622
          ],
          [
            74.7984088,
            13.014337
          ],
          [
            74.7984115,
            13.0138666
          ],
          [
            74.7984121,
            13.013735
          ],
          [
            74.7984142,
            13.0132577
          ],
          [
            74.7983981,
            13.0126618
          ],
          [
            74.7983927,
            13.0124658
          ],
          [
            74.7979241,
            13.0124583
          ],
          [
            74.7977463,
            13.0124554
          ],
          [
            74.7974727,
            13.0124515
          ],
          [
            74.7970546,
            13.0124454
          ],
          [
            74.7966219,
            13.0124392
          ]
        ]
      },
      "id": "way/239322874"
    },
    {
      "type": "Feature",
      "properties": {
        "@id": "way/239322886",
        "highway": "trunk",
        "lanes": "2",
        "oneway": "yes",
        "ref": "NH66",
        "ref:old": "NH17",
        "surface": "asphalt"
      },
      "geometry": {
        "type": "LineString",
        "coordinates": [
          [
            74.7929289,
            13.0090701
          ],
          [
            74.792927,
            13.0086323
          ],
          [
            74.7929201,
            13.0081583
          ],
          [
            74.7929362,
            13.0078241
          ],
          [
            74.792986,
            13.007401
          ],
          [
            74.793072,
            13.0070617
          ],
          [
            74.793139,
            13.0068569
          ],
          [
            74.7932516,
            13.0065349
          ],
          [
            74.7933894,
            13.0062218
          ],
          [
            74.7939419,
            13.0051537
          ],
          [
            74.794305,
            13.0043882
          ]
        ]
      },
      "id": "way/239322886"
    },
    {
      "type": "Feature",
      "properties": {
        "@id": "way/332925050",
        "dual_carriageway": "yes",
        "highway": "trunk",
        "lanes": "2",
        "oneway": "yes",
        "ref": "NH66",
        "ref:old": "NH17",
        "shoulder": "left",
        "source": "Yahoo hires",
        "surface": "asphalt"
      },
      "geometry": {
        "type": "LineString",
        "coordinates": [
          [
            74.7926161,
            13.0300033
          ],
          [
            74.7924688,
            13.029203
          ],
          [
            74.7923694,
            13.0287674
          ],
          [
            74.7921423,
            13.0280726
          ],
          [
            74.7918552,
            13.0274321
          ],
          [
            74.7917731,
            13.0272555
          ],
          [
            74.7916506,
            13.0269908
          ],
          [
            74.7914857,
            13.0264733
          ],
          [
            74.7913896,
            13.0260818
          ],
          [
            74.7912883,
            13.0255055
          ],
          [
            74.7912481,
            13.025187
          ],
          [
            74.7911893,
            13.0247359
          ],
          [
            74.7911127,
            13.0243205
          ],
          [
            74.7910201,
            13.0238851
          ],
          [
            74.7909571,
            13.0236238
          ],
          [
            74.7908385,
            13.0232043
          ],
          [
            74.7907694,
            13.0229869
          ],
          [
            74.79065,
            13.0225983
          ],
          [
            74.7905802,
            13.0223079
          ],
          [
            74.7905484,
            13.0221201
          ],
          [
            74.7905423,
            13.0220592
          ],
          [
            74.7905145,
            13.0217779
          ],
          [
            74.7905146,
            13.021567
          ],
          [
            74.7905507,
            13.0211524
          ],
          [
            74.7906111,
            13.0208234
          ],
          [
            74.7907564,
            13.0203135
          ],
          [
            74.7909737,
            13.0196968
          ],
          [
            74.791038,
            13.01954
          ],
          [
            74.7912875,
            13.0189154
          ],
          [
            74.7916926,
            13.0178453
          ],
          [
            74.7920492,
            13.0169032
          ],
          [
            74.7922477,
            13.0164015
          ],
          [
            74.7922946,
            13.0162682
          ]
        ]
      },
      "id": "way/332925050"
    },
    {
      "type": "Feature",
      "properties": {
        "@id": "way/332925051",
        "highway": "unclassified",
        "lane_markings": "no",
        "lanes": "2",
        "name": "Surathkal Beach Road",
        "name:kn": "ಕಡಲತೀರ ರಸ್ತೆ",
        "surface": "asphalt"
      },
      "geometry": {
        "type": "LineString",
        "coordinates": [
          [
            74.7917678,
            13.0043694
          ],
          [
            74.7916256,
            13.0043247
          ],
          [
            74.7915237,
            13.0042829
          ],
          [
            74.7914835,
            13.0042126
          ],
          [
            74.7914513,
            13.0041342
          ],
          [
            74.7913949,
            13.0040895
          ],
          [
            74.7912769,
            13.0040373
          ],
          [
            74.7911401,
            13.0039983
          ],
          [
            74.7911062,
            13.0039983
          ],
          [
            74.7910114,
            13.0039983
          ],
          [
            74.7909363,
            13.0040872
          ],
          [
            74.7907619,
            13.0041784
          ],
          [
            74.7906466,
            13.0042178
          ],
          [
            74.7905447,
            13.0042335
          ],
          [
            74.7903703,
            13.0043352
          ],
          [
            74.7902094,
            13.0044136
          ],
          [
            74.790137,
            13.0044583
          ]
        ]
      },
      "id": "way/332925051"
    },
    {
      "type": "Feature",
      "properties": {
        "@id": "way/332925052",
        "highway": "trunk",
        "lanes": "2",
        "oneway": "yes",
        "ref": "NH66",
        "ref:old": "NH17",
        "surface": "asphalt"
      },
      "geometry": {
        "type": "LineString",
        "coordinates": [
          [
            74.7942191,
            13.0043588
          ],
          [
            74.794042,
            13.0047537
          ],
          [
            74.7938661,
            13.0051018
          ],
          [
            74.7937818,
            13.0052687
          ],
          [
            74.7934599,
            13.0059088
          ],
          [
            74.7933312,
            13.006165
          ],
          [
            74.7932348,
            13.0063768
          ],
          [
            74.7931328,
            13.0066145
          ],
          [
            74.7930522,
            13.0068235
          ],
          [
            74.7930014,
            13.006983
          ],
          [
            74.7929289,
            13.0072704
          ],
          [
            74.7928779,
            13.0075527
          ],
          [
            74.7928538,
            13.0077853
          ],
          [
            74.7928405,
            13.0081302
          ],
          [
            74.7928403,
            13.0083341
          ],
          [
            74.7928369,
            13.0090692
          ]
        ]
      },
      "id": "way/332925052"
    },
    {
      "type": "Feature",
      "properties": {
        "@id": "way/332925053",
        "frontage_road": "yes",
        "highway": "tertiary",
        "lanes": "1",
        "name": "Service road",
        "oneway": "yes",
        "surface": "asphalt"
      },
      "geometry": {
        "type": "LineString",
        "coordinates": [
          [
            74.7963983,
            13.0000699
          ],
          [
            74.7962605,
            13.0002065
          ],
          [
            74.7960251,
            13.000523
          ],
          [
            74.795885,
            13.0007902
          ],
          [
            74.7955906,
            13.0014081
          ],
          [
            74.7954914,
            13.001617
          ],
          [
            74.7953783,
            13.0018551
          ],
          [
            74.7952756,
            13.0020952
          ],
          [
            74.7947103,
            13.0032321
          ],
          [
            74.7941953,
            13.0042532
          ],
          [
            74.7941497,
            13.0043409
          ],
          [
            74.7938249,
            13.0049663
          ],
          [
            74.7937768,
            13.005074
          ],
          [
            74.7934906,
            13.0057145
          ],
          [
            74.7929395,
            13.0069292
          ],
          [
            74.7928485,
            13.0072569
          ]
        ]
      },
      "id": "way/332925053"
    },
    {
      "type": "Feature",
      "properties": {
        "@id": "way/447682429",
        "highway": "service",
        "service": "driveway"
      },
      "geometry": {
        "type": "LineString",
        "coordinates": [
          [
            74.7961464,
            13.0067628
          ],
          [
            74.7963229,
            13.0065651
          ],
          [
            74.7964264,
            13.0065584
          ],
          [
            74.7964529,
            13.0065975
          ],
          [
            74.7964462,
            13.0066624
          ],
          [
            74.796388,
            13.0069091
          ]
        ]
      },
      "id": "way/447682429"
    },
    {
      "type": "Feature",
      "properties": {
        "@id": "way/447682431",
        "highway": "service",
        "service": "driveway"
      },
      "geometry": {
        "type": "LineString",
        "coordinates": [
          [
            74.7954209,
            13.0091219
          ],
          [
            74.7954067,
            13.0089936
          ],
          [
            74.7954886,
            13.008837
          ],
          [
            74.795678,
            13.008826
          ],
          [
            74.7958504,
            13.0088407
          ],
          [
            74.7958752,
            13.0089855
          ],
          [
            74.7958602,
            13.0091335
          ]
        ]
      },
      "id": "way/447682431"
    },
    {
      "type": "Feature",
      "properties": {
        "@id": "way/447686382",
        "highway": "unclassified",
        "name": "Faculty Quaters 1"
      },
      "geometry": {
        "type": "LineString",
        "coordinates": [
          [
            74.7966219,
            13.0124392
          ],
          [
            74.7965873,
            13.0137373
          ],
          [
            74.7959096,
            13.0137769
          ],
          [
            74.7941781,
            13.0137641
          ]
        ]
      },
      "id": "way/447686382"
    },
    {
      "type": "Feature",
      "properties": {
        "@id": "way/447686383",
        "check_date": "2026-07-23",
        "check_date:surface": "2026-07-23",
        "highway": "unclassified",
        "lanes": "1",
        "name": "Main gate road",
        "oneway": "yes",
        "opening_date": "2024-01-01",
        "surface": "asphalt"
      },
      "geometry": {
        "type": "LineString",
        "coordinates": [
          [
            74.7941781,
            13.0137641
          ],
          [
            74.793116,
            13.0138957
          ]
        ]
      },
      "id": "way/447686383"
    },
    {
      "type": "Feature",
      "properties": {
        "@id": "way/447686384",
        "highway": "unclassified",
        "lane_markings": "no",
        "lanes": "2",
        "name": "English school road",
        "surface": "asphalt"
      },
      "geometry": {
        "type": "LineString",
        "coordinates": [
          [
            74.7941781,
            13.0137641
          ],
          [
            74.7941637,
            13.0138375
          ],
          [
            74.7939101,
            13.0151263
          ]
        ]
      },
      "id": "way/447686384"
    },
    {
      "type": "Feature",
      "properties": {
        "@id": "way/447686385",
        "highway": "unclassified"
      },
      "geometry": {
        "type": "LineString",
        "coordinates": [
          [
            74.7965873,
            13.0137373
          ],
          [
            74.7970633,
            13.0137367
          ],
          [
            74.7972162,
            13.0137365
          ],
          [
            74.7974725,
            13.0137362
          ],
          [
            74.7978219,
            13.0137358
          ],
          [
            74.797942,
            13.0137356
          ],
          [
            74.7984121,
            13.013735
          ]
        ]
      },
      "id": "way/447686385"
    },
    {
      "type": "Feature",
      "properties": {
        "@id": "way/447686386",
        "highway": "unclassified",
        "lane_markings": "no",
        "lanes": "2",
        "surface": "asphalt"
      },
      "geometry": {
        "type": "LineString",
        "coordinates": [
          [
            74.7965873,
            13.0137373
          ],
          [
            74.7965528,
            13.0155885
          ]
        ]
      },
      "id": "way/447686386"
    },
    {
      "type": "Feature",
      "properties": {
        "@id": "way/447686387",
        "highway": "unclassified"
      },
      "geometry": {
        "type": "LineString",
        "coordinates": [
          [
            74.7984121,
            13.013735
          ],
          [
            74.7985643,
            13.0137168
          ],
          [
            74.7987514,
            13.0136165
          ],
          [
            74.7989618,
            13.0133705
          ],
          [
            74.7990179,
            13.0131654
          ],
          [
            74.7990179,
            13.0129969
          ],
          [
            74.7989712,
            13.0127918
          ],
          [
            74.798873,
            13.0126688
          ],
          [
            74.7987327,
            13.0125777
          ],
          [
            74.7983927,
            13.0124658
          ]
        ]
      },
      "id": "way/447686387"
    },
    {
      "type": "Feature",
      "properties": {
        "@id": "way/447686388",
        "highway": "unclassified"
      },
      "geometry": {
        "type": "LineString",
        "coordinates": [
          [
            74.7970633,
            13.0137367
          ],
          [
            74.7970546,
            13.0124454
          ]
        ]
      },
      "id": "way/447686388"
    },
    {
      "type": "Feature",
      "properties": {
        "@id": "way/447686389",
        "highway": "unclassified"
      },
      "geometry": {
        "type": "LineString",
        "coordinates": [
          [
            74.7974725,
            13.0137362
          ],
          [
            74.7974727,
            13.0124515
          ]
        ]
      },
      "id": "way/447686389"
    },
    {
      "type": "Feature",
      "properties": {
        "@id": "way/447686390",
        "highway": "unclassified"
      },
      "geometry": {
        "type": "LineString",
        "coordinates": [
          [
            74.797942,
            13.0137356
          ],
          [
            74.7979241,
            13.0124583
          ]
        ]
      },
      "id": "way/447686390"
    },
    {
      "type": "Feature",
      "properties": {
        "@id": "way/447686391",
        "highway": "unclassified"
      },
      "geometry": {
        "type": "LineString",
        "coordinates": [
          [
            74.7972206,
            13.0157063
          ],
          [
            74.7972162,
            13.0137365
          ]
        ]
      },
      "id": "way/447686391"
    },
    {
      "type": "Feature",
      "properties": {
        "@id": "way/447686392",
        "highway": "unclassified"
      },
      "geometry": {
        "type": "LineString",
        "coordinates": [
          [
            74.7978725,
            13.0158154
          ],
          [
            74.7978219,
            13.0137358
          ]
        ]
      },
      "id": "way/447686392"
    },
    {
      "type": "Feature",
      "properties": {
        "@id": "way/447686393",
        "highway": "unclassified"
      },
      "geometry": {
        "type": "LineString",
        "coordinates": [
          [
            74.7959312,
            13.0154902
          ],
          [
            74.7959096,
            13.0137769
          ]
        ]
      },
      "id": "way/447686393"
    },
    {
      "type": "Feature",
      "properties": {
        "@id": "way/447686964",
        "highway": "unclassified"
      },
      "geometry": {
        "type": "LineString",
        "coordinates": [
          [
            74.7901188,
            13.0073885
          ],
          [
            74.7907041,
            13.0073507
          ],
          [
            74.7909544,
            13.0072477
          ],
          [
            74.7928485,
            13.0072569
          ]
        ]
      },
      "id": "way/447686964"
    },
    {
      "type": "Feature",
      "properties": {
        "@id": "way/447686966",
        "highway": "unclassified",
        "smoothness": "intermediate",
        "surface": "asphalt"
      },
      "geometry": {
        "type": "LineString",
        "coordinates": [
          [
            74.7923487,
            13.0092085
          ],
          [
            74.7914296,
            13.0089352
          ],
          [
            74.7911672,
            13.008872
          ],
          [
            74.7909227,
            13.0088228
          ],
          [
            74.7904931,
            13.0087711
          ],
          [
            74.7900203,
            13.0087144
          ],
          [
            74.7899626,
            13.0089532
          ],
          [
            74.789952,
            13.0089772
          ],
          [
            74.7899324,
            13.0089903
          ],
          [
            74.7899032,
            13.008992
          ],
          [
            74.7896131,
            13.0088861
          ],
          [
            74.7894994,
            13.00886
          ],
          [
            74.7890374,
            13.0088173
          ]
        ]
      },
      "id": "way/447686966"
    },
    {
      "type": "Feature",
      "properties": {
        "@id": "way/458212676",
        "access:conditional": "yes @ (width<2)",
        "highway": "residential",
        "lane_markings": "no",
        "lanes": "2",
        "motor_vehicle": "no",
        "name": "Kingfisher Creek road",
        "surface": "asphalt"
      },
      "geometry": {
        "type": "LineString",
        "coordinates": [
          [
            74.8009832,
            12.9966655
          ],
          [
            74.8008932,
            12.9971533
          ],
          [
            74.8008303,
            12.9974656
          ],
          [
            74.8006834,
            12.9978826
          ],
          [
            74.8005191,
            12.998055
          ],
          [
            74.8003931,
            12.9981086
          ],
          [
            74.8002375,
            12.998163
          ],
          [
            74.8001,
            12.9982054
          ],
          [
            74.7999626,
            12.9982479
          ],
          [
            74.7999217,
            12.9982891
          ],
          [
            74.7999076,
            12.9983564
          ],
          [
            74.7998674,
            12.9985472
          ],
          [
            74.7998674,
            12.9988294
          ],
          [
            74.799921,
            12.9989862
          ],
          [
            74.8000541,
            12.9990882
          ],
          [
            74.8002043,
            12.9991822
          ],
          [
            74.8002322,
            12.9992789
          ],
          [
            74.8001356,
            12.9994776
          ],
          [
            74.8001506,
            12.999569
          ],
          [
            74.8002751,
            12.9997075
          ],
          [
            74.8002686,
            12.9998827
          ],
          [
            74.8003609,
            13.0000839
          ],
          [
            74.8003502,
            13.0002825
          ],
          [
            74.8003502,
            13.000408
          ],
          [
            74.8003866,
            13.0004681
          ],
          [
            74.8004832,
            13.0005726
          ],
          [
            74.8005218,
            13.0006693
          ],
          [
            74.800546,
            13.0008862
          ],
          [
            74.8005875,
            13.0009541
          ],
          [
            74.8006291,
            13.0009908
          ],
          [
            74.8007013,
            13.0010455
          ],
          [
            74.8008104,
            13.0012054
          ],
          [
            74.8008074,
            13.0012794
          ],
          [
            74.8007737,
            13.0013354
          ],
          [
            74.8006833,
            13.0014084
          ],
          [
            74.8005829,
            13.0014705
          ],
          [
            74.8005625,
            13.0015386
          ],
          [
            74.8005803,
            13.0016327
          ],
          [
            74.8005955,
            13.001725
          ],
          [
            74.8006444,
            13.0018628
          ],
          [
            74.8007426,
            13.0020848
          ],
          [
            74.8008047,
            13.0022192
          ],
          [
            74.800939,
            13.00251
          ],
          [
            74.8010064,
            13.0026475
          ],
          [
            74.8010614,
            13.0028331
          ],
          [
            74.8010974,
            13.0030838
          ],
          [
            74.8011334,
            13.0034186
          ],
          [
            74.8011213,
            13.0037132
          ],
          [
            74.8010968,
            13.0038665
          ],
          [
            74.8011216,
            13.0040018
          ],
          [
            74.8011865,
            13.0041613
          ],
          [
            74.8012515,
            13.0043388
          ],
          [
            74.8012924,
            13.0044662
          ],
          [
            74.8012933,
            13.0046027
          ],
          [
            74.8013002,
            13.0046427
          ],
          [
            74.801332,
            13.0048275
          ],
          [
            74.8013479,
            13.0050071
          ],
          [
            74.8014179,
            13.0052769
          ],
          [
            74.8014479,
            13.0053488
          ],
          [
            74.8014982,
            13.0054207
          ],
          [
            74.8015587,
            13.0054689
          ],
          [
            74.8015948,
            13.005521
          ],
          [
            74.8016204,
            13.0056065
          ],
          [
            74.8016195,
            13.005698
          ],
          [
            74.8015812,
            13.0057661
          ],
          [
            74.8015411,
            13.0058468
          ],
          [
            74.8013705,
            13.0063401
          ],
          [
            74.8013331,
            13.0064887
          ],
          [
            74.8013003,
            13.0065986
          ],
          [
            74.8012688,
            13.0067058
          ],
          [
            74.8012514,
            13.0067842
          ],
          [
            74.8012459,
            13.0068404
          ],
          [
            74.8012511,
            13.0068966
          ],
          [
            74.8012744,
            13.0069397
          ],
          [
            74.8012977,
            13.0069724
          ],
          [
            74.8013284,
            13.0070102
          ],
          [
            74.8013523,
            13.0070429
          ],
          [
            74.8013656,
            13.0070782
          ],
          [
            74.8013735,
            13.0071239
          ],
          [
            74.8013786,
            13.0071816
          ],
          [
            74.8013919,
            13.0072366
          ],
          [
            74.8014331,
            13.0073624
          ],
          [
            74.8014727,
            13.0075172
          ],
          [
            74.8015357,
            13.0076545
          ],
          [
            74.8015921,
            13.0078225
          ],
          [
            74.801619,
            13.00792
          ],
          [
            74.8016647,
            13.0079868
          ],
          [
            74.80172,
            13.0080313
          ],
          [
            74.8017874,
            13.0080679
          ],
          [
            74.8018347,
            13.0081097
          ],
          [
            74.8018632,
            13.0081672
          ],
          [
            74.8019078,
            13.0082697
          ]
        ]
      },
      "id": "way/458212676"
    },
    {
      "type": "Feature",
      "properties": {
        "@id": "way/458264614",
        "highway": "path",
        "informal": "yes",
        "surface": "dirt"
      },
      "geometry": {
        "type": "LineString",
        "coordinates": [
          [
            74.7964013,
            13.0076477
          ],
          [
            74.7964221,
            13.0074819
          ],
          [
            74.7964253,
            13.0073174
          ],
          [
            74.7964042,
            13.0071105
          ],
          [
            74.7964203,
            13.0070099
          ],
          [
            74.7964535,
            13.0069429
          ]
        ]
      },
      "id": "way/458264614"
    },
    {
      "type": "Feature",
      "properties": {
        "@id": "way/545225411",
        "highway": "unclassified"
      },
      "geometry": {
        "type": "LineString",
        "coordinates": [
          [
            74.7912875,
            13.0189154
          ],
          [
            74.7915962,
            13.0188994
          ],
          [
            74.792289,
            13.0188369
          ],
          [
            74.7931101,
            13.0188587
          ],
          [
            74.7939044,
            13.0188653
          ],
          [
            74.7939216,
            13.0188119
          ],
          [
            74.793928,
            13.0186119
          ],
          [
            74.7940338,
            13.0185681
          ],
          [
            74.7941301,
            13.0175056
          ],
          [
            74.7941392,
            13.0173879
          ],
          [
            74.794199,
            13.0166158
          ]
        ]
      },
      "id": "way/545225411"
    },
    {
      "type": "Feature",
      "properties": {
        "@id": "way/677937464",
        "highway": "unclassified",
        "lane_markings": "no",
        "lanes": "2",
        "name": "HCC Road",
        "oneway": "no",
        "surface": "asphalt"
      },
      "geometry": {
        "type": "LineString",
        "coordinates": [
          [
            74.7966421,
            13.009471
          ],
          [
            74.7963378,
            13.0094806
          ]
        ]
      },
      "id": "way/677937464"
    },
    {
      "type": "Feature",
      "properties": {
        "@id": "way/677939256",
        "highway": "unclassified",
        "lane_markings": "no",
        "lanes": "2",
        "name": "Fresher's Street",
        "surface": "asphalt"
      },
      "geometry": {
        "type": "LineString",
        "coordinates": [
          [
            74.7930915,
            13.009123
          ],
          [
            74.793188,
            13.0091242
          ],
          [
            74.793327,
            13.0091259
          ],
          [
            74.7936618,
            13.0091301
          ],
          [
            74.7939421,
            13.0091336
          ],
          [
            74.7942991,
            13.0091381
          ],
          [
            74.794334,
            13.0091385
          ],
          [
            74.7950301,
            13.0091317
          ],
          [
            74.7954209,
            13.0091219
          ],
          [
            74.7957074,
            13.0091343
          ],
          [
            74.7958602,
            13.0091335
          ],
          [
            74.7959231,
            13.0091499
          ],
          [
            74.7959545,
            13.009155
          ],
          [
            74.7962153,
            13.0091465
          ],
          [
            74.7965667,
            13.0091351
          ]
        ]
      },
      "id": "way/677939256"
    },
    {
      "type": "Feature",
      "properties": {
        "@id": "way/677939258",
        "check_date": "2026-08-05",
        "check_date:surface": "2026-08-05",
        "highway": "footway",
        "surface": "concrete"
      },
      "geometry": {
        "type": "LineString",
        "coordinates": [
          [
            74.7930915,
            13.009123
          ],
          [
            74.7930205,
            13.0091221
          ],
          [
            74.7929621,
            13.0091121
          ]
        ]
      },
      "id": "way/677939258"
    },
    {
      "type": "Feature",
      "properties": {
        "@id": "way/677939260",
        "access": "yes",
        "bicycle": "yes",
        "foot": "yes",
        "highway": "unclassified",
        "horse": "yes",
        "maxspeed": "30",
        "motor_vehicle": "yes",
        "oneway": "no",
        "smoothness": "excellent",
        "surface": "asphalt"
      },
      "geometry": {
        "type": "LineString",
        "coordinates": [
          [
            74.7925817,
            13.0094265
          ],
          [
            74.792582,
            13.0094936
          ],
          [
            74.7925891,
            13.009702
          ],
          [
            74.7925942,
            13.0098606
          ],
          [
            74.7925958,
            13.0101057
          ],
          [
            74.792605,
            13.0107815
          ],
          [
            74.7926083,
            13.0109547
          ],
          [
            74.792608,
            13.0109731
          ],
          [
            74.7926097,
            13.0113746
          ],
          [
            74.7926149,
            13.0115108
          ],
          [
            74.7926254,
            13.011906
          ],
          [
            74.7926286,
            13.0119876
          ],
          [
            74.7926127,
            13.0123313
          ],
          [
            74.7925955,
            13.0124803
          ]
        ]
      },
      "id": "way/677939260"
    },
    {
      "type": "Feature",
      "properties": {
        "@id": "way/677939344",
        "highway": "unclassified"
      },
      "geometry": {
        "type": "LineString",
        "coordinates": [
          [
            74.7927176,
            13.0092261
          ],
          [
            74.7926596,
            13.0092285
          ],
          [
            74.7923487,
            13.0092085
          ]
        ]
      },
      "id": "way/677939344"
    },
    {
      "type": "Feature",
      "properties": {
        "@id": "way/677939345",
        "frontage_road": "yes",
        "highway": "tertiary",
        "oneway": "yes"
      },
      "geometry": {
        "type": "LineString",
        "coordinates": [
          [
            74.7927176,
            13.0092261
          ],
          [
            74.792724,
            13.0094928
          ]
        ]
      },
      "id": "way/677939345"
    },
    {
      "type": "Feature",
      "properties": {
        "@id": "way/762038777",
        "highway": "residential"
      },
      "geometry": {
        "type": "LineString",
        "coordinates": [
          [
            74.7978374,
            13.0177499
          ],
          [
            74.7976953,
            13.0179276
          ],
          [
            74.7976489,
            13.0181127
          ],
          [
            74.7976416,
            13.0181419
          ],
          [
            74.7975612,
            13.0183562
          ],
          [
            74.7974378,
            13.0185235
          ],
          [
            74.7973949,
            13.018675
          ],
          [
            74.7974646,
            13.0188161
          ],
          [
            74.7976738,
            13.0187848
          ],
          [
            74.7978508,
            13.0188344
          ]
        ]
      },
      "id": "way/762038777"
    },
    {
      "type": "Feature",
      "properties": {
        "@id": "way/762038778",
        "highway": "residential"
      },
      "geometry": {
        "type": "LineString",
        "coordinates": [
          [
            74.7940234,
            13.0165708
          ],
          [
            74.794199,
            13.0166158
          ],
          [
            74.7945732,
            13.0168065
          ],
          [
            74.7947422,
            13.0168687
          ],
          [
            74.7953415,
            13.0170894
          ],
          [
            74.7953752,
            13.0171018
          ],
          [
            74.7957457,
            13.0172501
          ],
          [
            74.7957668,
            13.0172586
          ],
          [
            74.7958683,
            13.0172841
          ],
          [
            74.7968504,
            13.0175304
          ],
          [
            74.7978374,
            13.0177499
          ],
          [
            74.7985028,
            13.0178861
          ],
          [
            74.7985546,
            13.0178967
          ],
          [
            74.7990632,
            13.0180008
          ],
          [
            74.7996533,
            13.0181471
          ],
          [
            74.8005196,
            13.0183301
          ],
          [
            74.8006752,
            13.0183876
          ],
          [
            74.8008549,
            13.0184085
          ]
        ]
      },
      "id": "way/762038778"
    },
    {
      "type": "Feature",
      "properties": {
        "@id": "way/801453911",
        "dual_carriageway": "yes",
        "highway": "trunk",
        "lanes": "2",
        "oneway": "yes",
        "ref": "NH66",
        "ref:old": "NH17",
        "shoulder": "left",
        "surface": "asphalt"
      },
      "geometry": {
        "type": "LineString",
        "coordinates": [
          [
            74.7928508,
            13.0124876
          ],
          [
            74.7927822,
            13.0133033
          ],
          [
            74.7927895,
            13.0135216
          ],
          [
            74.7928077,
            13.0139734
          ],
          [
            74.7927658,
            13.0143414
          ],
          [
            74.7926894,
            13.0147341
          ],
          [
            74.792618,
            13.0150047
          ],
          [
            74.7925098,
            13.0153612
          ],
          [
            74.79233,
            13.0158514
          ],
          [
            74.7921648,
            13.0162429
          ],
          [
            74.7921353,
            13.0163225
          ],
          [
            74.7921042,
            13.0164067
          ],
          [
            74.7919285,
            13.0169071
          ],
          [
            74.7918463,
            13.0171169
          ],
          [
            74.7916684,
            13.0175709
          ],
          [
            74.7911721,
            13.0188867
          ],
          [
            74.7908736,
            13.0196724
          ],
          [
            74.7908583,
            13.0197125
          ],
          [
            74.7906432,
            13.0202951
          ],
          [
            74.7905339,
            13.0206592
          ],
          [
            74.7904701,
            13.0209401
          ],
          [
            74.7904276,
            13.0212394
          ],
          [
            74.7904112,
            13.0216649
          ],
          [
            74.7904106,
            13.0218115
          ],
          [
            74.790419,
            13.0219365
          ],
          [
            74.7904503,
            13.0221794
          ],
          [
            74.7905158,
            13.022514
          ],
          [
            74.7905462,
            13.02263
          ],
          [
            74.7906657,
            13.0230262
          ],
          [
            74.7908478,
            13.0236551
          ],
          [
            74.7909607,
            13.0241146
          ],
          [
            74.7910353,
            13.0244626
          ],
          [
            74.7910993,
            13.0248777
          ],
          [
            74.7911851,
            13.0255117
          ],
          [
            74.7912588,
            13.0260023
          ],
          [
            74.7913401,
            13.0263446
          ],
          [
            74.7914929,
            13.0268543
          ],
          [
            74.7915311,
            13.0269551
          ],
          [
            74.7916467,
            13.0272178
          ],
          [
            74.7917062,
            13.0273499
          ],
          [
            74.7920395,
            13.028118
          ],
          [
            74.792251,
            13.0287818
          ],
          [
            74.7923457,
            13.0291588
          ],
          [
            74.7924179,
            13.0295205
          ],
          [
            74.7925106,
            13.0300159
          ]
        ]
      },
      "id": "way/801453911"
    },
    {
      "type": "Feature",
      "properties": {
        "@id": "way/1046119805",
        "highway": "residential",
        "junction": "roundabout"
      },
      "geometry": {
        "type": "LineString",
        "coordinates": [
          [
            74.8025331,
            13.0085139
          ],
          [
            74.8025329,
            13.0084961
          ],
          [
            74.802527,
            13.0084792
          ],
          [
            74.802516,
            13.0084649
          ],
          [
            74.8025049,
            13.0084587
          ],
          [
            74.8024833,
            13.0084498
          ],
          [
            74.8024635,
            13.0084507
          ],
          [
            74.8024459,
            13.0084575
          ],
          [
            74.8024306,
            13.0084711
          ],
          [
            74.8024214,
            13.0084882
          ],
          [
            74.8024186,
            13.0085073
          ],
          [
            74.8024227,
            13.0085262
          ],
          [
            74.8024331,
            13.0085426
          ],
          [
            74.8024486,
            13.0085547
          ],
          [
            74.8024659,
            13.0085606
          ],
          [
            74.8024842,
            13.008561
          ],
          [
            74.8025017,
            13.0085557
          ],
          [
            74.8025166,
            13.0085453
          ],
          [
            74.8025274,
            13.0085309
          ],
          [
            74.8025331,
            13.0085139
          ]
        ]
      },
      "id": "way/1046119805"
    },
    {
      "type": "Feature",
      "properties": {
        "@id": "way/1046119806",
        "highway": "residential",
        "oneway": "yes"
      },
      "geometry": {
        "type": "LineString",
        "coordinates": [
          [
            74.8024235,
            13.0082973
          ],
          [
            74.8024487,
            13.0083775
          ],
          [
            74.8024447,
            13.008418
          ],
          [
            74.8024459,
            13.0084575
          ]
        ]
      },
      "id": "way/1046119806"
    },
    {
      "type": "Feature",
      "properties": {
        "@id": "way/1046119807",
        "highway": "residential",
        "oneway": "yes"
      },
      "geometry": {
        "type": "LineString",
        "coordinates": [
          [
            74.8025049,
            13.0084587
          ],
          [
            74.8025291,
            13.0083931
          ],
          [
            74.8025426,
            13.0083539
          ],
          [
            74.8026113,
            13.0082763
          ]
        ]
      },
      "id": "way/1046119807"
    },
    {
      "type": "Feature",
      "properties": {
        "@id": "way/1046119808",
        "highway": "residential"
      },
      "geometry": {
        "type": "LineString",
        "coordinates": [
          [
            74.8025331,
            13.0085139
          ],
          [
            74.8026173,
            13.0085537
          ],
          [
            74.8027082,
            13.0086453
          ],
          [
            74.8028422,
            13.0088104
          ],
          [
            74.8029809,
            13.0089575
          ],
          [
            74.8030548,
            13.0090835
          ],
          [
            74.8032069,
            13.0094346
          ],
          [
            74.8032258,
            13.0094783
          ],
          [
            74.8034492,
            13.0099646
          ],
          [
            74.8035724,
            13.0102183
          ]
        ]
      },
      "id": "way/1046119808"
    },
    {
      "type": "Feature",
      "properties": {
        "@id": "way/1046119809",
        "highway": "residential"
      },
      "geometry": {
        "type": "LineString",
        "coordinates": [
          [
            74.8031996,
            13.010529
          ],
          [
            74.8027753,
            13.0096223
          ],
          [
            74.8022484,
            13.0084965
          ]
        ]
      },
      "id": "way/1046119809"
    },
    {
      "type": "Feature",
      "properties": {
        "@id": "way/1046119810",
        "highway": "residential"
      },
      "geometry": {
        "type": "LineString",
        "coordinates": [
          [
            74.8035724,
            13.0102183
          ],
          [
            74.8035509,
            13.0103924
          ],
          [
            74.8034908,
            13.0104389
          ],
          [
            74.8031996,
            13.010529
          ]
        ]
      },
      "id": "way/1046119810"
    },
    {
      "type": "Feature",
      "properties": {
        "@id": "way/1046119811",
        "highway": "residential"
      },
      "geometry": {
        "type": "LineString",
        "coordinates": [
          [
            74.8018511,
            13.0086613
          ],
          [
            74.802382,
            13.0097933
          ],
          [
            74.8025595,
            13.010172
          ]
        ]
      },
      "id": "way/1046119811"
    },
    {
      "type": "Feature",
      "properties": {
        "@id": "way/1046119812",
        "highway": "residential"
      },
      "geometry": {
        "type": "LineString",
        "coordinates": [
          [
            74.8024214,
            13.0084882
          ],
          [
            74.8023811,
            13.0084713
          ],
          [
            74.8023484,
            13.0084634
          ],
          [
            74.8023122,
            13.0084611
          ],
          [
            74.8022484,
            13.0084965
          ],
          [
            74.8018511,
            13.0086613
          ]
        ]
      },
      "id": "way/1046119812"
    },
    {
      "type": "Feature",
      "properties": {
        "@id": "way/1046119813",
        "highway": "residential"
      },
      "geometry": {
        "type": "LineString",
        "coordinates": [
          [
            74.802382,
            13.0097933
          ],
          [
            74.8027753,
            13.0096223
          ],
          [
            74.8032069,
            13.0094346
          ]
        ]
      },
      "id": "way/1046119813"
    },
    {
      "type": "Feature",
      "properties": {
        "@id": "way/1046119814",
        "highway": "residential"
      },
      "geometry": {
        "type": "LineString",
        "coordinates": [
          [
            74.8032944,
            13.008111
          ],
          [
            74.8033782,
            13.0082965
          ],
          [
            74.8034246,
            13.0083745
          ],
          [
            74.8037641,
            13.0090082
          ]
        ]
      },
      "id": "way/1046119814"
    },
    {
      "type": "Feature",
      "properties": {
        "@id": "way/1046119815",
        "highway": "residential"
      },
      "geometry": {
        "type": "LineString",
        "coordinates": [
          [
            74.8041605,
            13.008824
          ],
          [
            74.8038799,
            13.0082814
          ]
        ]
      },
      "id": "way/1046119815"
    },
    {
      "type": "Feature",
      "properties": {
        "@id": "way/1046119816",
        "highway": "residential"
      },
      "geometry": {
        "type": "LineString",
        "coordinates": [
          [
            74.8036177,
            13.0082061
          ],
          [
            74.8033782,
            13.0082965
          ]
        ]
      },
      "id": "way/1046119816"
    },
    {
      "type": "Feature",
      "properties": {
        "@id": "way/1046119817",
        "highway": "residential"
      },
      "geometry": {
        "type": "LineString",
        "coordinates": [
          [
            74.8038799,
            13.0082814
          ],
          [
            74.8036177,
            13.0082061
          ]
        ]
      },
      "id": "way/1046119817"
    },
    {
      "type": "Feature",
      "properties": {
        "@id": "way/1046119818",
        "highway": "residential"
      },
      "geometry": {
        "type": "LineString",
        "coordinates": [
          [
            74.8037641,
            13.0090082
          ],
          [
            74.8041605,
            13.008824
          ]
        ]
      },
      "id": "way/1046119818"
    },
    {
      "type": "Feature",
      "properties": {
        "@id": "way/1046119819",
        "highway": "residential"
      },
      "geometry": {
        "type": "LineString",
        "coordinates": [
          [
            74.8035263,
            13.009139
          ],
          [
            74.803624,
            13.0093631
          ],
          [
            74.8041475,
            13.0103168
          ],
          [
            74.8042038,
            13.0105049
          ]
        ]
      },
      "id": "way/1046119819"
    },
    {
      "type": "Feature",
      "properties": {
        "@id": "way/1046119820",
        "highway": "residential"
      },
      "geometry": {
        "type": "LineString",
        "coordinates": [
          [
            74.8037641,
            13.0090082
          ],
          [
            74.8035263,
            13.009139
          ]
        ]
      },
      "id": "way/1046119820"
    },
    {
      "type": "Feature",
      "properties": {
        "@id": "way/1046119821",
        "highway": "residential"
      },
      "geometry": {
        "type": "LineString",
        "coordinates": [
          [
            74.803624,
            13.0093631
          ],
          [
            74.8041448,
            13.0091015
          ],
          [
            74.8047805,
            13.0103037
          ],
          [
            74.8048234,
            13.0104945
          ]
        ]
      },
      "id": "way/1046119821"
    },
    {
      "type": "Feature",
      "properties": {
        "@id": "way/1046119822",
        "highway": "residential"
      },
      "geometry": {
        "type": "LineString",
        "coordinates": [
          [
            74.7989247,
            13.0068681
          ],
          [
            74.7990671,
            13.0068484
          ],
          [
            74.7991671,
            13.0068323
          ],
          [
            74.7993907,
            13.0067452
          ],
          [
            74.7995573,
            13.006666
          ],
          [
            74.7997606,
            13.0066303
          ],
          [
            74.7999558,
            13.0066184
          ],
          [
            74.8001224,
            13.0066224
          ],
          [
            74.8003542,
            13.0065669
          ]
        ]
      },
      "id": "way/1046119822"
    },
    {
      "type": "Feature",
      "properties": {
        "@id": "way/1046119823",
        "highway": "residential"
      },
      "geometry": {
        "type": "LineString",
        "coordinates": [
          [
            74.7978742,
            13.0052793
          ],
          [
            74.7981572,
            13.0051931
          ],
          [
            74.7984931,
            13.0051091
          ],
          [
            74.7986256,
            13.005067
          ],
          [
            74.7987149,
            13.005004
          ],
          [
            74.7987796,
            13.0049199
          ],
          [
            74.7988289,
            13.0048509
          ],
          [
            74.7988905,
            13.0048209
          ],
          [
            74.7989491,
            13.0048329
          ],
          [
            74.7990446,
            13.0048479
          ],
          [
            74.7990939,
            13.0048269
          ],
          [
            74.7991401,
            13.0047698
          ],
          [
            74.7992294,
            13.0046768
          ],
          [
            74.7993219,
            13.0046077
          ],
          [
            74.7994636,
            13.0045837
          ]
        ]
      },
      "id": "way/1046119823"
    },
    {
      "type": "Feature",
      "properties": {
        "@id": "way/1046119824",
        "highway": "residential"
      },
      "geometry": {
        "type": "LineString",
        "coordinates": [
          [
            74.7987149,
            13.005004
          ],
          [
            74.7989491,
            13.004983
          ],
          [
            74.7991955,
            13.004992
          ],
          [
            74.7993527,
            13.005016
          ],
          [
            74.7994759,
            13.004998
          ],
          [
            74.7995745,
            13.004968
          ],
          [
            74.7996916,
            13.0049289
          ],
          [
            74.7997994,
            13.0049289
          ],
          [
            74.7999504,
            13.0049379
          ],
          [
            74.8000952,
            13.0049319
          ],
          [
            74.8002308,
            13.0049109
          ],
          [
            74.800317,
            13.0048839
          ],
          [
            74.8003417,
            13.0048479
          ],
          [
            74.8003509,
            13.0048029
          ],
          [
            74.8003509,
            13.0047218
          ],
          [
            74.8002986,
            13.0045657
          ]
        ]
      },
      "id": "way/1046119824"
    },
    {
      "type": "Feature",
      "properties": {
        "@id": "way/1046119825",
        "highway": "residential",
        "name": "Dandelion Medow",
        "surface": "ground"
      },
      "geometry": {
        "type": "LineString",
        "coordinates": [
          [
            74.8003509,
            13.0048029
          ],
          [
            74.8005851,
            13.0047608
          ],
          [
            74.8009363,
            13.0046918
          ],
          [
            74.8013002,
            13.0046427
          ]
        ]
      },
      "id": "way/1046119825"
    },
    {
      "type": "Feature",
      "properties": {
        "@id": "way/1046119826",
        "highway": "residential"
      },
      "geometry": {
        "type": "LineString",
        "coordinates": [
          [
            74.7981531,
            13.0064702
          ],
          [
            74.7982712,
            13.0063497
          ],
          [
            74.7984563,
            13.0062321
          ],
          [
            74.7985663,
            13.0061876
          ],
          [
            74.7986924,
            13.0061615
          ],
          [
            74.7988131,
            13.0061563
          ]
        ]
      },
      "id": "way/1046119826"
    },
    {
      "type": "Feature",
      "properties": {
        "@id": "way/1046119827",
        "highway": "residential"
      },
      "geometry": {
        "type": "LineString",
        "coordinates": [
          [
            74.7990671,
            13.0068484
          ],
          [
            74.7990491,
            13.0067286
          ],
          [
            74.7990786,
            13.0065875
          ],
          [
            74.7990786,
            13.0065195
          ],
          [
            74.7990625,
            13.0064124
          ],
          [
            74.7990384,
            13.0062817
          ],
          [
            74.7990705,
            13.0062373
          ],
          [
            74.7991725,
            13.0061746
          ],
          [
            74.7993066,
            13.0061275
          ]
        ]
      },
      "id": "way/1046119827"
    },
    {
      "type": "Feature",
      "properties": {
        "@id": "way/1046119834",
        "highway": "residential"
      },
      "geometry": {
        "type": "LineString",
        "coordinates": [
          [
            74.7969967,
            13.0032272
          ],
          [
            74.7970213,
            13.0037961
          ],
          [
            74.7971229,
            13.0045406
          ]
        ]
      },
      "id": "way/1046119834"
    },
    {
      "type": "Feature",
      "properties": {
        "@id": "way/1046119835",
        "highway": "residential"
      },
      "geometry": {
        "type": "LineString",
        "coordinates": [
          [
            74.7971229,
            13.0045406
          ],
          [
            74.7969504,
            13.0045676
          ],
          [
            74.7966485,
            13.0045796
          ],
          [
            74.7964297,
            13.0045556
          ],
          [
            74.7962723,
            13.0045188
          ],
          [
            74.7961216,
            13.0044836
          ],
          [
            74.7958258,
            13.0043665
          ],
          [
            74.7954931,
            13.0041834
          ],
          [
            74.7951203,
            13.0040003
          ],
          [
            74.7947322,
            13.0038192
          ]
        ]
      },
      "id": "way/1046119835"
    },
    {
      "type": "Feature",
      "properties": {
        "@id": "way/1046119836",
        "highway": "residential"
      },
      "geometry": {
        "type": "LineString",
        "coordinates": [
          [
            74.7971229,
            13.0045406
          ],
          [
            74.7974012,
            13.0045101
          ],
          [
            74.7976767,
            13.0044805
          ],
          [
            74.7978355,
            13.0044259
          ],
          [
            74.798132,
            13.0043372
          ],
          [
            74.7985313,
            13.0041916
          ]
        ]
      },
      "id": "way/1046119836"
    },
    {
      "type": "Feature",
      "properties": {
        "@id": "way/1046119838",
        "highway": "residential"
      },
      "geometry": {
        "type": "LineString",
        "coordinates": [
          [
            74.7965209,
            13.0034635
          ],
          [
            74.7963924,
            13.0038389
          ],
          [
            74.7962944,
            13.0041438
          ],
          [
            74.7962874,
            13.0043508
          ],
          [
            74.7962723,
            13.0045188
          ]
        ]
      },
      "id": "way/1046119838"
    },
    {
      "type": "Feature",
      "properties": {
        "@id": "way/1046119864",
        "highway": "unclassified",
        "lane_markings": "no",
        "lanes": "2",
        "surface": "asphalt"
      },
      "geometry": {
        "type": "LineString",
        "coordinates": [
          [
            74.8005671,
            13.0087036
          ],
          [
            74.800614,
            13.0093837
          ],
          [
            74.8006424,
            13.0104651
          ],
          [
            74.8006709,
            13.0107345
          ],
          [
            74.8006627,
            13.0109484
          ],
          [
            74.8005063,
            13.011282
          ]
        ]
      },
      "id": "way/1046119864"
    },
    {
      "type": "Feature",
      "properties": {
        "@id": "way/1046567468",
        "highway": "unclassified",
        "lane_markings": "no",
        "lanes": "2",
        "name": "NITK beach Road",
        "surface": "asphalt"
      },
      "geometry": {
        "type": "LineString",
        "coordinates": [
          [
            74.7878918,
            13.0159886
          ],
          [
            74.7879151,
            13.0158236
          ],
          [
            74.7879495,
            13.0155672
          ],
          [
            74.7880082,
            13.0150406
          ],
          [
            74.7880406,
            13.0144963
          ],
          [
            74.7880896,
            13.0141096
          ],
          [
            74.7880953,
            13.0140465
          ],
          [
            74.7880993,
            13.0140012
          ],
          [
            74.788158,
            13.013518
          ],
          [
            74.7881925,
            13.0129204
          ],
          [
            74.7882471,
            13.0125279
          ],
          [
            74.7883443,
            13.012023
          ],
          [
            74.7883605,
            13.011735
          ],
          [
            74.7883969,
            13.0114865
          ],
          [
            74.7884171,
            13.0114273
          ],
          [
            74.7884414,
            13.0113997
          ],
          [
            74.788486,
            13.01138
          ],
          [
            74.7885265,
            13.0113642
          ],
          [
            74.7885852,
            13.0113425
          ],
          [
            74.788652,
            13.0113011
          ],
          [
            74.7886864,
            13.0112656
          ],
          [
            74.7887248,
            13.0111887
          ],
          [
            74.7887593,
            13.0110605
          ],
          [
            74.7887694,
            13.010595
          ],
          [
            74.7888499,
            13.0099005
          ],
          [
            74.7888802,
            13.0097259
          ],
          [
            74.7889231,
            13.0096226
          ],
          [
            74.7889736,
            13.009512
          ],
          [
            74.7890013,
            13.0094137
          ],
          [
            74.7890039,
            13.0092661
          ],
          [
            74.7890114,
            13.0090719
          ],
          [
            74.7890324,
            13.0088664
          ],
          [
            74.7890374,
            13.0088173
          ],
          [
            74.7890406,
            13.0087658
          ],
          [
            74.789019,
            13.0084941
          ],
          [
            74.7890392,
            13.0081154
          ],
          [
            74.7890392,
            13.0078942
          ],
          [
            74.7890644,
            13.0075868
          ],
          [
            74.7891174,
            13.0071615
          ],
          [
            74.7891906,
            13.0068566
          ],
          [
            74.7892688,
            13.0064287
          ],
          [
            74.7893445,
            13.005964
          ],
          [
            74.7894051,
            13.0054846
          ],
          [
            74.7894581,
            13.0052977
          ],
          [
            74.7895335,
            13.0052133
          ]
        ]
      },
      "id": "way/1046567468"
    },
    {
      "type": "Feature",
      "properties": {
        "@id": "way/1046567469",
        "highway": "bridleway",
        "surface": "sand"
      },
      "geometry": {
        "type": "LineString",
        "coordinates": [
          [
            74.7895335,
            13.0052133
          ],
          [
            74.7894637,
            13.0052133
          ],
          [
            74.7892195,
            13.0052529
          ]
        ]
      },
      "id": "way/1046567469"
    },
    {
      "type": "Feature",
      "properties": {
        "@id": "way/1046567590",
        "highway": "unclassified"
      },
      "geometry": {
        "type": "LineString",
        "coordinates": [
          [
            74.7906478,
            13.0084643
          ],
          [
            74.79058,
            13.0085622
          ],
          [
            74.790509,
            13.0086109
          ],
          [
            74.7904962,
            13.0086929
          ],
          [
            74.7904931,
            13.0087711
          ],
          [
            74.7904095,
            13.0093617
          ],
          [
            74.7903362,
            13.0098094
          ],
          [
            74.7902971,
            13.0100571
          ],
          [
            74.7902384,
            13.0102762
          ],
          [
            74.79017,
            13.0105191
          ],
          [
            74.7901162,
            13.0107715
          ],
          [
            74.7901406,
            13.0111335
          ],
          [
            74.7901553,
            13.0113336
          ],
          [
            74.7902433,
            13.0118099
          ],
          [
            74.790302,
            13.0120385
          ]
        ]
      },
      "id": "way/1046567590"
    },
    {
      "type": "Feature",
      "properties": {
        "@id": "way/1047546924",
        "highway": "secondary"
      },
      "geometry": {
        "type": "LineString",
        "coordinates": [
          [
            74.8026897,
            13.0082591
          ],
          [
            74.8028876,
            13.0082213
          ],
          [
            74.8030554,
            13.0081748
          ],
          [
            74.8032453,
            13.0081301
          ],
          [
            74.8032944,
            13.008111
          ],
          [
            74.8034352,
            13.0080923
          ],
          [
            74.8036713,
            13.0080335
          ],
          [
            74.8039985,
            13.0079551
          ],
          [
            74.8042131,
            13.0079081
          ],
          [
            74.804374,
            13.0078924
          ],
          [
            74.8044339,
            13.007897
          ],
          [
            74.8046476,
            13.0079133
          ],
          [
            74.8051357,
            13.0080335
          ],
          [
            74.8053801,
            13.0080947
          ]
        ]
      },
      "id": "way/1047546924"
    },
    {
      "type": "Feature",
      "properties": {
        "@id": "way/1047546925",
        "bridge": "yes",
        "highway": "secondary",
        "layer": "1"
      },
      "geometry": {
        "type": "LineString",
        "coordinates": [
          [
            74.8026113,
            13.0082763
          ],
          [
            74.8026897,
            13.0082591
          ]
        ]
      },
      "id": "way/1047546925"
    },
    {
      "type": "Feature",
      "properties": {
        "@id": "way/1049847046",
        "highway": "residential"
      },
      "geometry": {
        "type": "LineString",
        "coordinates": [
          [
            74.7976489,
            13.0181127
          ],
          [
            74.7974048,
            13.0180592
          ],
          [
            74.7970052,
            13.0179337
          ],
          [
            74.7963159,
            13.017722
          ],
          [
            74.7956587,
            13.0175835
          ],
          [
            74.7954522,
            13.0175705
          ],
          [
            74.7952618,
            13.0175705
          ],
          [
            74.7950996,
            13.0176328
          ],
          [
            74.7950713,
            13.0176436
          ],
          [
            74.7948836,
            13.0177325
          ],
          [
            74.7948085,
            13.0177403
          ]
        ]
      },
      "id": "way/1049847046"
    },
    {
      "type": "Feature",
      "properties": {
        "@id": "way/1049847047",
        "highway": "residential"
      },
      "geometry": {
        "type": "LineString",
        "coordinates": [
          [
            74.7950996,
            13.0176328
          ],
          [
            74.7951357,
            13.0178553
          ],
          [
            74.7951706,
            13.0181872
          ],
          [
            74.7951169,
            13.0186445
          ]
        ]
      },
      "id": "way/1049847047"
    },
    {
      "type": "Feature",
      "properties": {
        "@id": "way/1049847048",
        "highway": "residential"
      },
      "geometry": {
        "type": "LineString",
        "coordinates": [
          [
            74.7957457,
            13.0172501
          ],
          [
            74.7956748,
            13.017364
          ],
          [
            74.7956695,
            13.017479
          ],
          [
            74.7956587,
            13.0175835
          ],
          [
            74.7956936,
            13.0180121
          ],
          [
            74.7957124,
            13.0182186
          ],
          [
            74.7956963,
            13.018459
          ],
          [
            74.7957365,
            13.0185452
          ],
          [
            74.7957928,
            13.0186079
          ],
          [
            74.795825,
            13.0186811
          ],
          [
            74.7958519,
            13.0191332
          ]
        ]
      },
      "id": "way/1049847048"
    },
    {
      "type": "Feature",
      "properties": {
        "@id": "way/1049847049",
        "highway": "residential",
        "surface": "asphalt"
      },
      "geometry": {
        "type": "LineString",
        "coordinates": [
          [
            74.7959061,
            13.0154865
          ],
          [
            74.795898,
            13.0159116
          ],
          [
            74.7958948,
            13.0160835
          ],
          [
            74.7958948,
            13.0161156
          ],
          [
            74.7958948,
            13.0166166
          ],
          [
            74.7958948,
            13.0166558
          ],
          [
            74.7958921,
            13.0170321
          ],
          [
            74.795901,
            13.0170976
          ]
        ]
      },
      "id": "way/1049847049"
    },
    {
      "type": "Feature",
      "properties": {
        "@id": "way/1049847050",
        "highway": "residential",
        "lane_markings": "no",
        "lanes": "2",
        "surface": "asphalt"
      },
      "geometry": {
        "type": "LineString",
        "coordinates": [
          [
            74.7948056,
            13.0166359
          ],
          [
            74.7950373,
            13.0153379
          ]
        ]
      },
      "id": "way/1049847050"
    },
    {
      "type": "Feature",
      "properties": {
        "@id": "way/1049847051",
        "highway": "residential"
      },
      "geometry": {
        "type": "LineString",
        "coordinates": [
          [
            74.7958948,
            13.0161156
          ],
          [
            74.7955327,
            13.0161006
          ],
          [
            74.7955707,
            13.015853
          ],
          [
            74.7956338,
            13.015442
          ]
        ]
      },
      "id": "way/1049847051"
    },
    {
      "type": "Feature",
      "properties": {
        "@id": "way/1049847052",
        "highway": "residential"
      },
      "geometry": {
        "type": "LineString",
        "coordinates": [
          [
            74.7955707,
            13.015853
          ],
          [
            74.795898,
            13.0159116
          ]
        ]
      },
      "id": "way/1049847052"
    },
    {
      "type": "Feature",
      "properties": {
        "@id": "way/1049847053",
        "highway": "residential",
        "lane_markings": "no",
        "lanes": "2",
        "surface": "asphalt"
      },
      "geometry": {
        "type": "LineString",
        "coordinates": [
          [
            74.7958948,
            13.0166166
          ],
          [
            74.7953282,
            13.0166107
          ],
          [
            74.7953228,
            13.0169347
          ]
        ]
      },
      "id": "way/1049847053"
    },
    {
      "type": "Feature",
      "properties": {
        "@id": "way/1049847054",
        "highway": "residential"
      },
      "geometry": {
        "type": "LineString",
        "coordinates": [
          [
            74.7953282,
            13.0166107
          ],
          [
            74.7953631,
            13.0160828
          ],
          [
            74.7955327,
            13.0161006
          ]
        ]
      },
      "id": "way/1049847054"
    },
    {
      "type": "Feature",
      "properties": {
        "@id": "way/1049847055",
        "highway": "residential",
        "lane_markings": "no",
        "lanes": "2",
        "surface": "asphalt"
      },
      "geometry": {
        "type": "LineString",
        "coordinates": [
          [
            74.7940234,
            13.0165708
          ],
          [
            74.7941946,
            13.0153212
          ]
        ]
      },
      "id": "way/1049847055"
    },
    {
      "type": "Feature",
      "properties": {
        "@id": "way/1088328343",
        "highway": "residential"
      },
      "geometry": {
        "type": "LineString",
        "coordinates": [
          [
            74.7932516,
            13.0181508
          ],
          [
            74.7932825,
            13.017248
          ],
          [
            74.7941392,
            13.0173879
          ]
        ]
      },
      "id": "way/1088328343"
    },
    {
      "type": "Feature",
      "properties": {
        "@id": "way/1102866766",
        "frontage_road": "yes",
        "highway": "tertiary",
        "oneway": "yes",
        "surface": "asphalt"
      },
      "geometry": {
        "type": "LineString",
        "coordinates": [
          [
            74.7927661,
            13.0078218
          ],
          [
            74.7927323,
            13.0082703
          ],
          [
            74.7927152,
            13.0088251
          ],
          [
            74.7927178,
            13.0091155
          ],
          [
            74.7927176,
            13.0092261
          ]
        ]
      },
      "id": "way/1102866766"
    },
    {
      "type": "Feature",
      "properties": {
        "@id": "way/1103754618",
        "frontage_road": "yes",
        "highway": "tertiary",
        "lanes": "1",
        "name": "Service road NH66 NITK",
        "oneway": "yes",
        "surface": "asphalt"
      },
      "geometry": {
        "type": "LineString",
        "coordinates": [
          [
            74.7930205,
            13.0091221
          ],
          [
            74.7930157,
            13.0083298
          ],
          [
            74.7930416,
            13.0078324
          ],
          [
            74.7930943,
            13.0074119
          ],
          [
            74.793188,
            13.0070544
          ],
          [
            74.7934105,
            13.006519
          ],
          [
            74.7937717,
            13.0057241
          ],
          [
            74.7944343,
            13.0044308
          ]
        ]
      },
      "id": "way/1103754618"
    },
    {
      "type": "Feature",
      "properties": {
        "@id": "way/1103754620",
        "frontage_road": "yes",
        "highway": "tertiary",
        "lanes": "1",
        "maxheight": "4.5",
        "name": "NITK Service Road East",
        "oneway": "yes",
        "smoothness": "excellent",
        "surface": "asphalt"
      },
      "geometry": {
        "type": "LineString",
        "coordinates": [
          [
            74.7930409,
            13.0124929
          ],
          [
            74.7930385,
            13.012087
          ],
          [
            74.7930375,
            13.0119142
          ],
          [
            74.793025,
            13.0109799
          ],
          [
            74.7930227,
            13.0107679
          ],
          [
            74.7930249,
            13.010634
          ]
        ]
      },
      "id": "way/1103754620"
    },
    {
      "type": "Feature",
      "properties": {
        "@id": "way/1103754621",
        "frontage_road": "yes",
        "highway": "tertiary",
        "oneway": "yes"
      },
      "geometry": {
        "type": "LineString",
        "coordinates": [
          [
            74.792724,
            13.0094928
          ],
          [
            74.7927574,
            13.0124867
          ]
        ]
      },
      "id": "way/1103754621"
    },
    {
      "type": "Feature",
      "properties": {
        "@id": "way/1103754622",
        "frontage_road": "yes",
        "highway": "tertiary",
        "lanes": "1",
        "name": "Service road NITK",
        "oneway": "yes",
        "surface": "asphalt"
      },
      "geometry": {
        "type": "LineString",
        "coordinates": [
          [
            74.7930249,
            13.010634
          ],
          [
            74.793027,
            13.0097229
          ],
          [
            74.7930205,
            13.0091221
          ]
        ]
      },
      "id": "way/1103754622"
    },
    {
      "type": "Feature",
      "properties": {
        "@id": "way/1118568318",
        "highway": "service",
        "surface": "paving_stones"
      },
      "geometry": {
        "type": "LineString",
        "coordinates": [
          [
            74.7897307,
            13.0159199
          ],
          [
            74.7897407,
            13.0160158
          ],
          [
            74.7897099,
            13.0160989
          ],
          [
            74.7897279,
            13.0163957
          ],
          [
            74.7897743,
            13.0169037
          ]
        ]
      },
      "id": "way/1118568318"
    },
    {
      "type": "Feature",
      "properties": {
        "@id": "way/1118568319",
        "highway": "service",
        "surface": "paving_stones"
      },
      "geometry": {
        "type": "LineString",
        "coordinates": [
          [
            74.7897279,
            13.0163957
          ],
          [
            74.7895217,
            13.0164347
          ]
        ]
      },
      "id": "way/1118568319"
    },
    {
      "type": "Feature",
      "properties": {
        "@id": "way/1148873911",
        "highway": "unclassified",
        "oneway": "no"
      },
      "geometry": {
        "type": "LineString",
        "coordinates": [
          [
            74.7930409,
            13.0124929
          ],
          [
            74.7929508,
            13.0124911
          ]
        ]
      },
      "id": "way/1148873911"
    },
    {
      "type": "Feature",
      "properties": {
        "@id": "way/1149815501",
        "highway": "secondary",
        "lane_markings": "no",
        "lanes": "2",
        "name": "Manchur Road",
        "surface": "asphalt"
      },
      "geometry": {
        "type": "LineString",
        "coordinates": [
          [
            74.7944343,
            13.0044308
          ],
          [
            74.7947781,
            13.0045415
          ],
          [
            74.7953379,
            13.0047184
          ],
          [
            74.7960323,
            13.0049131
          ],
          [
            74.7963596,
            13.005002
          ],
          [
            74.7967262,
            13.0050694
          ],
          [
            74.7969928,
            13.0050834
          ],
          [
            74.7972028,
            13.0050906
          ],
          [
            74.7974056,
            13.0050699
          ],
          [
            74.7976792,
            13.0050752
          ],
          [
            74.797766,
            13.005101
          ],
          [
            74.7977991,
            13.0051478
          ],
          [
            74.7978527,
            13.0052083
          ],
          [
            74.7978742,
            13.0052793
          ]
        ]
      },
      "id": "way/1149815501"
    },
    {
      "type": "Feature",
      "properties": {
        "@id": "way/1152950802",
        "highway": "trunk",
        "lanes": "2",
        "maxspeed": "50",
        "oneway": "yes",
        "ref": "NH66",
        "ref:old": "NH17",
        "source": "Yahoo hires",
        "surface": "asphalt"
      },
      "geometry": {
        "type": "LineString",
        "coordinates": [
          [
            74.7922946,
            13.0162682
          ],
          [
            74.7925093,
            13.0156833
          ],
          [
            74.7926092,
            13.0153751
          ],
          [
            74.7927072,
            13.0150331
          ],
          [
            74.7927775,
            13.0147238
          ],
          [
            74.7928479,
            13.014337
          ],
          [
            74.7929076,
            13.0139924
          ],
          [
            74.7929728,
            13.0133255
          ],
          [
            74.7929508,
            13.0124911
          ],
          [
            74.7929405,
            13.0106387
          ]
        ]
      },
      "id": "way/1152950802"
    },
    {
      "type": "Feature",
      "properties": {
        "@id": "way/1156604522",
        "highway": "trunk",
        "lanes": "2",
        "oneway": "yes",
        "ref": "NH66",
        "ref:old": "NH17",
        "surface": "asphalt"
      },
      "geometry": {
        "type": "LineString",
        "coordinates": [
          [
            74.794305,
            13.0043882
          ],
          [
            74.7943129,
            13.0043716
          ],
          [
            74.7946293,
            13.0037297
          ],
          [
            74.7948804,
            13.0032201
          ],
          [
            74.7952532,
            13.0024292
          ],
          [
            74.7953747,
            13.0021714
          ],
          [
            74.7955562,
            13.0017865
          ],
          [
            74.7960066,
            13.0008309
          ],
          [
            74.7962138,
            13.0005438
          ],
          [
            74.7962644,
            13.0004927
          ],
          [
            74.7964014,
            13.0003236
          ],
          [
            74.7965171,
            13.0001881
          ]
        ]
      },
      "id": "way/1156604522"
    },
    {
      "type": "Feature",
      "properties": {
        "@id": "way/1156604523",
        "check_date": "2026-08-20",
        "check_date:surface": "2026-08-20",
        "highway": "secondary",
        "lane_markings": "no",
        "lanes": "2",
        "surface": "asphalt"
      },
      "geometry": {
        "type": "LineString",
        "coordinates": [
          [
            74.794305,
            13.0043882
          ],
          [
            74.7944343,
            13.0044308
          ]
        ]
      },
      "id": "way/1156604523"
    },
    {
      "type": "Feature",
      "properties": {
        "@id": "way/1156604524",
        "highway": "trunk",
        "lanes": "2",
        "oneway": "yes",
        "ref": "NH66",
        "ref:old": "NH17",
        "surface": "asphalt"
      },
      "geometry": {
        "type": "LineString",
        "coordinates": [
          [
            74.7964531,
            13.0001219
          ],
          [
            74.796312,
            13.0002421
          ],
          [
            74.7961529,
            13.0004103
          ],
          [
            74.7960617,
            13.0005461
          ],
          [
            74.7959651,
            13.0007056
          ],
          [
            74.7959034,
            13.0008389
          ],
          [
            74.7956754,
            13.001338
          ],
          [
            74.7955398,
            13.0016342
          ],
          [
            74.7953643,
            13.0020175
          ],
          [
            74.7951953,
            13.0023729
          ],
          [
            74.7950103,
            13.0027544
          ],
          [
            74.7947823,
            13.003225
          ],
          [
            74.7945731,
            13.0036458
          ],
          [
            74.7942834,
            13.0042155
          ],
          [
            74.7942191,
            13.0043588
          ]
        ]
      },
      "id": "way/1156604524"
    },
    {
      "type": "Feature",
      "properties": {
        "@id": "way/1156604525",
        "check_date": "2024-03-06",
        "highway": "secondary"
      },
      "geometry": {
        "type": "LineString",
        "coordinates": [
          [
            74.7941497,
            13.0043409
          ],
          [
            74.7942191,
            13.0043588
          ]
        ]
      },
      "id": "way/1156604525"
    },
    {
      "type": "Feature",
      "properties": {
        "@id": "way/1196028695",
        "highway": "residential"
      },
      "geometry": {
        "type": "LineString",
        "coordinates": [
          [
            74.7917323,
            13.0171031
          ],
          [
            74.7912463,
            13.0170364
          ]
        ]
      },
      "id": "way/1196028695"
    },
    {
      "type": "Feature",
      "properties": {
        "@id": "way/1196028696",
        "highway": "residential"
      },
      "geometry": {
        "type": "LineString",
        "coordinates": [
          [
            74.7912463,
            13.0170364
          ],
          [
            74.7910167,
            13.0170101
          ],
          [
            74.7908951,
            13.0174352
          ],
          [
            74.7908665,
            13.0174596
          ],
          [
            74.7902281,
            13.0174945
          ]
        ]
      },
      "id": "way/1196028696"
    },
    {
      "type": "Feature",
      "properties": {
        "@id": "way/1196028697",
        "highway": "residential"
      },
      "geometry": {
        "type": "LineString",
        "coordinates": [
          [
            74.7910167,
            13.0170101
          ],
          [
            74.7910292,
            13.0168655
          ],
          [
            74.7909953,
            13.016808
          ],
          [
            74.7909434,
            13.0167697
          ],
          [
            74.7905607,
            13.016754
          ]
        ]
      },
      "id": "way/1196028697"
    },
    {
      "type": "Feature",
      "properties": {
        "@id": "way/1198862199",
        "highway": "residential"
      },
      "geometry": {
        "type": "LineString",
        "coordinates": [
          [
            74.7985546,
            13.0178967
          ],
          [
            74.7985909,
            13.0174537
          ],
          [
            74.7986392,
            13.016756
          ],
          [
            74.7986258,
            13.0163979
          ],
          [
            74.7985692,
            13.0159904
          ],
          [
            74.7985762,
            13.0159381
          ],
          [
            74.7989918,
            13.0159131
          ],
          [
            74.7990666,
            13.0159176
          ]
        ]
      },
      "id": "way/1198862199"
    },
    {
      "type": "Feature",
      "properties": {
        "@id": "way/1198862200",
        "highway": "residential"
      },
      "geometry": {
        "type": "LineString",
        "coordinates": [
          [
            74.7985762,
            13.0159381
          ],
          [
            74.7985575,
            13.0158175
          ],
          [
            74.7985132,
            13.0156856
          ],
          [
            74.7984828,
            13.0154194
          ],
          [
            74.7984898,
            13.0150873
          ],
          [
            74.7986066,
            13.0150304
          ],
          [
            74.7988774,
            13.0150122
          ],
          [
            74.7990455,
            13.0149963
          ],
          [
            74.7990922,
            13.0149712
          ],
          [
            74.7991063,
            13.0149303
          ],
          [
            74.7990619,
            13.0144525
          ],
          [
            74.7990806,
            13.0143934
          ],
          [
            74.7994261,
            13.0143797
          ],
          [
            74.7998231,
            13.0143638
          ],
          [
            74.8000916,
            13.0142887
          ],
          [
            74.8001278,
            13.014193
          ],
          [
            74.8001593,
            13.0138883
          ],
          [
            74.8001897,
            13.0136017
          ],
          [
            74.8002644,
            13.0135698
          ],
          [
            74.8005866,
            13.0136495
          ],
          [
            74.8010887,
            13.0137837
          ]
        ]
      },
      "id": "way/1198862200"
    },
    {
      "type": "Feature",
      "properties": {
        "@id": "way/1203018194",
        "highway": "unclassified",
        "maxspeed": "30",
        "name": "Beach Road",
        "oneway": "no",
        "smoothness": "excellent",
        "surface": "asphalt"
      },
      "geometry": {
        "type": "LineString",
        "coordinates": [
          [
            74.7925955,
            13.0124803
          ],
          [
            74.7925793,
            13.0126012
          ],
          [
            74.7925696,
            13.0126801
          ],
          [
            74.7925562,
            13.0130538
          ],
          [
            74.7925455,
            13.0131479
          ]
        ]
      },
      "id": "way/1203018194"
    },
    {
      "type": "Feature",
      "properties": {
        "@id": "way/1205674607",
        "highway": "unclassified",
        "oneway": "no"
      },
      "geometry": {
        "type": "LineString",
        "coordinates": [
          [
            74.7929508,
            13.0124911
          ],
          [
            74.7928508,
            13.0124876
          ]
        ]
      },
      "id": "way/1205674607"
    },
    {
      "type": "Feature",
      "properties": {
        "@id": "way/1205674608",
        "highway": "trunk",
        "lanes": "2",
        "maxheight": "4.5",
        "oneway": "yes",
        "ref": "NH66",
        "ref:old": "NH17",
        "surface": "asphalt"
      },
      "geometry": {
        "type": "LineString",
        "coordinates": [
          [
            74.7928491,
            13.0106064
          ],
          [
            74.7928503,
            13.0108761
          ],
          [
            74.7928567,
            13.0115512
          ],
          [
            74.7928508,
            13.0124876
          ]
        ]
      },
      "id": "way/1205674608"
    },
    {
      "type": "Feature",
      "properties": {
        "@id": "way/1211484809",
        "highway": "secondary",
        "lane_markings": "no",
        "lanes": "2",
        "surface": "asphalt"
      },
      "geometry": {
        "type": "LineString",
        "coordinates": [
          [
            74.7995221,
            13.009002
          ],
          [
            74.8000771,
            13.0088019
          ],
          [
            74.80034,
            13.0087287
          ],
          [
            74.8005671,
            13.0087036
          ],
          [
            74.8006243,
            13.0086973
          ],
          [
            74.8007262,
            13.0086555
          ],
          [
            74.8009086,
            13.008551
          ],
          [
            74.8012787,
            13.0084569
          ],
          [
            74.8015113,
            13.0084041
          ],
          [
            74.8017293,
            13.0083314
          ],
          [
            74.8019078,
            13.0082697
          ],
          [
            74.8020286,
            13.0082667
          ],
          [
            74.802137,
            13.008274
          ],
          [
            74.802274,
            13.008285
          ],
          [
            74.8023992,
            13.0082959
          ],
          [
            74.8024235,
            13.0082973
          ],
          [
            74.8024681,
            13.0082997
          ],
          [
            74.8025264,
            13.0082949
          ],
          [
            74.8026113,
            13.0082763
          ]
        ]
      },
      "id": "way/1211484809"
    },
    {
      "type": "Feature",
      "properties": {
        "@id": "way/1211536001",
        "highway": "tertiary",
        "oneway": "yes"
      },
      "geometry": {
        "type": "LineString",
        "coordinates": [
          [
            74.7928485,
            13.0072569
          ],
          [
            74.7927661,
            13.0078218
          ]
        ]
      },
      "id": "way/1211536001"
    },
    {
      "type": "Feature",
      "properties": {
        "@id": "way/1213474511",
        "highway": "residential",
        "lane_markings": "no",
        "lanes": "2",
        "name": "Back Gate",
        "surface": "concrete"
      },
      "geometry": {
        "type": "LineString",
        "coordinates": [
          [
            74.798795,
            13.0090353
          ],
          [
            74.7989008,
            13.0090144
          ]
        ]
      },
      "id": "way/1213474511"
    },
    {
      "type": "Feature",
      "properties": {
        "@id": "way/1216006137",
        "check_date": "2024-02-06",
        "highway": "secondary"
      },
      "geometry": {
        "type": "LineString",
        "coordinates": [
          [
            74.7942191,
            13.0043588
          ],
          [
            74.794305,
            13.0043882
          ]
        ]
      },
      "id": "way/1216006137"
    },
    {
      "type": "Feature",
      "properties": {
        "@id": "way/1219664063",
        "highway": "residential",
        "surface": "ground"
      },
      "geometry": {
        "type": "LineString",
        "coordinates": [
          [
            74.7922946,
            13.0162682
          ],
          [
            74.7931302,
            13.0164067
          ],
          [
            74.7939643,
            13.0165557
          ],
          [
            74.7940234,
            13.0165708
          ]
        ]
      },
      "id": "way/1219664063"
    },
    {
      "type": "Feature",
      "properties": {
        "@id": "way/1220209675",
        "check_date": "2026-08-27",
        "check_date:smoothness": "2026-08-27",
        "check_date:surface": "2026-08-27",
        "highway": "unclassified",
        "lane_markings": "no",
        "lanes": "2",
        "name": "Main building Road",
        "oneway": "no",
        "opening_date": "2023-11-20",
        "smoothness": "excellent",
        "surface": "asphalt"
      },
      "geometry": {
        "type": "LineString",
        "coordinates": [
          [
            74.7941758,
            13.0107065
          ],
          [
            74.7941763,
            13.0107724
          ],
          [
            74.7941763,
            13.0109077
          ],
          [
            74.7941763,
            13.0114864
          ],
          [
            74.7941763,
            13.0115564
          ],
          [
            74.7941598,
            13.0117955
          ]
        ]
      },
      "id": "way/1220209675"
    },
    {
      "type": "Feature",
      "properties": {
        "@id": "way/1220209676",
        "check_date": "2026-08-26",
        "check_date:smoothness": "2026-08-26",
        "check_date:surface": "2026-08-26",
        "highway": "unclassified",
        "lane_markings": "no",
        "lanes": "2",
        "name": "Civil Road",
        "oneway": "no",
        "opening_date": "2024-01-01",
        "smoothness": "excellent",
        "surface": "asphalt"
      },
      "geometry": {
        "type": "LineString",
        "coordinates": [
          [
            74.7941659,
            13.0120704
          ],
          [
            74.7941749,
            13.0124815
          ]
        ]
      },
      "id": "way/1220209676"
    },
    {
      "type": "Feature",
      "properties": {
        "@id": "way/1220209677",
        "highway": "unclassified",
        "lane_markings": "no",
        "lanes": "2",
        "name": "Structure Lab Road",
        "oneway": "no",
        "smoothness": "excellent",
        "surface": "asphalt"
      },
      "geometry": {
        "type": "LineString",
        "coordinates": [
          [
            74.7941598,
            13.0117955
          ],
          [
            74.7941659,
            13.0120704
          ]
        ]
      },
      "id": "way/1220209677"
    },
    {
      "type": "Feature",
      "properties": {
        "@id": "way/1220209678",
        "check_date": "2026-08-25",
        "check_date:smoothness": "2026-08-25",
        "check_date:surface": "2026-08-25",
        "highway": "unclassified",
        "lane_markings": "no",
        "lanes": "2",
        "name": "Netravati Road",
        "opening_date": "2024-01-01",
        "smoothness": "excellent",
        "surface": "asphalt"
      },
      "geometry": {
        "type": "LineString",
        "coordinates": [
          [
            74.7941781,
            13.0137641
          ],
          [
            74.7941749,
            13.0124815
          ]
        ]
      },
      "id": "way/1220209678"
    },
    {
      "type": "Feature",
      "properties": {
        "@id": "way/1258109957",
        "highway": "tertiary",
        "oneway": "yes"
      },
      "geometry": {
        "type": "LineString",
        "coordinates": [
          [
            74.7944343,
            13.0044308
          ],
          [
            74.7947322,
            13.0038192
          ],
          [
            74.7953674,
            13.0025151
          ],
          [
            74.7956711,
            13.0018375
          ],
          [
            74.796107,
            13.0008858
          ]
        ]
      },
      "id": "way/1258109957"
    },
    {
      "type": "Feature",
      "properties": {
        "@id": "way/1278060781",
        "highway": "unclassified",
        "lane_markings": "no",
        "lanes": "2",
        "name": "Beach Road",
        "surface": "asphalt"
      },
      "geometry": {
        "type": "LineString",
        "coordinates": [
          [
            74.7922075,
            13.0142324
          ],
          [
            74.7922989,
            13.0141947
          ],
          [
            74.7923458,
            13.0141605
          ],
          [
            74.7923896,
            13.014091
          ],
          [
            74.7924358,
            13.0140039
          ],
          [
            74.7924541,
            13.0139544
          ]
        ]
      },
      "id": "way/1278060781"
    },
    {
      "type": "Feature",
      "properties": {
        "@id": "way/1278060782",
        "highway": "unclassified",
        "layer": "-1",
        "maxheight": "5",
        "oneway": "yes",
        "tunnel": "yes"
      },
      "geometry": {
        "type": "LineString",
        "coordinates": [
          [
            74.793116,
            13.0138957
          ],
          [
            74.7930559,
            13.0138954
          ],
          [
            74.7926829,
            13.0138697
          ],
          [
            74.7925898,
            13.0138528
          ]
        ]
      },
      "id": "way/1278060782"
    },
    {
      "type": "Feature",
      "properties": {
        "@id": "way/1278060783",
        "highway": "unclassified",
        "lanes": "1",
        "name": "Underpass road East",
        "oneway": "yes",
        "surface": "asphalt"
      },
      "geometry": {
        "type": "LineString",
        "coordinates": [
          [
            74.7931207,
            13.0139651
          ],
          [
            74.7932254,
            13.0139561
          ],
          [
            74.7941637,
            13.0138375
          ]
        ]
      },
      "id": "way/1278060783"
    },
    {
      "type": "Feature",
      "properties": {
        "@id": "way/1278060784",
        "highway": "unclassified",
        "lanes": "1",
        "name": "Underpass",
        "oneway": "yes",
        "surface": "asphalt"
      },
      "geometry": {
        "type": "LineString",
        "coordinates": [
          [
            74.7924541,
            13.0139544
          ],
          [
            74.7925106,
            13.0139411
          ],
          [
            74.7926061,
            13.013932
          ]
        ]
      },
      "id": "way/1278060784"
    },
    {
      "type": "Feature",
      "properties": {
        "@id": "way/1278060785",
        "highway": "unclassified",
        "layer": "-1",
        "oneway": "yes",
        "tunnel": "yes"
      },
      "geometry": {
        "type": "LineString",
        "coordinates": [
          [
            74.7926061,
            13.013932
          ],
          [
            74.7931207,
            13.0139651
          ]
        ]
      },
      "id": "way/1278060785"
    },
    {
      "type": "Feature",
      "properties": {
        "@id": "way/1278060786",
        "highway": "unclassified",
        "lanes": "1",
        "name": "Underpass",
        "oneway": "yes",
        "surface": "asphalt"
      },
      "geometry": {
        "type": "LineString",
        "coordinates": [
          [
            74.7925898,
            13.0138528
          ],
          [
            74.7924746,
            13.0138387
          ],
          [
            74.7924541,
            13.0139544
          ]
        ]
      },
      "id": "way/1278060786"
    },
    {
      "type": "Feature",
      "properties": {
        "@id": "way/1278396994",
        "frontage_road": "yes",
        "highway": "tertiary",
        "lanes": "2",
        "surface": "asphalt"
      },
      "geometry": {
        "type": "LineString",
        "coordinates": [
          [
            74.79233,
            13.0158514
          ],
          [
            74.7921335,
            13.0160582
          ],
          [
            74.792046,
            13.0162831
          ],
          [
            74.792018,
            13.0163551
          ],
          [
            74.7919672,
            13.0164854
          ],
          [
            74.7917323,
            13.0171031
          ],
          [
            74.7916596,
            13.0172942
          ],
          [
            74.7915641,
            13.0175452
          ],
          [
            74.7912769,
            13.0183119
          ],
          [
            74.7908893,
            13.0193152
          ],
          [
            74.7907747,
            13.0196208
          ],
          [
            74.7905764,
            13.0201501
          ],
          [
            74.7904745,
            13.0204638
          ],
          [
            74.7904074,
            13.0206938
          ],
          [
            74.7903672,
            13.0208715
          ],
          [
            74.790335,
            13.0210544
          ],
          [
            74.7903108,
            13.0212373
          ],
          [
            74.7903001,
            13.0214229
          ],
          [
            74.7902974,
            13.0216424
          ],
          [
            74.7902988,
            13.0216685
          ],
          [
            74.7903055,
            13.0217992
          ],
          [
            74.7903323,
            13.0221049
          ],
          [
            74.7904439,
            13.0226688
          ],
          [
            74.7907106,
            13.0236027
          ],
          [
            74.790775,
            13.0238405
          ],
          [
            74.7908206,
            13.0240234
          ],
          [
            74.7908822,
            13.02429
          ],
          [
            74.7909305,
            13.0245722
          ],
          [
            74.791078,
            13.0255809
          ],
          [
            74.7911236,
            13.0259128
          ],
          [
            74.7911478,
            13.0260487
          ],
          [
            74.7911773,
            13.0261976
          ],
          [
            74.7912282,
            13.0264171
          ],
          [
            74.7912846,
            13.0265948
          ],
          [
            74.7913704,
            13.026783
          ],
          [
            74.7915311,
            13.0269551
          ]
        ]
      },
      "id": "way/1278396994"
    },
    {
      "type": "Feature",
      "properties": {
        "@id": "way/1291688492",
        "highway": "unclassified",
        "lane_markings": "no",
        "lanes": "2",
        "lit": "yes",
        "maxspeed": "20",
        "maxspeed:type": "sign",
        "name": "Main Road",
        "name:kn": "ಮುಖ್ಯ ರಸ್ತೆ",
        "sidewalk": "both",
        "sidewalk:both:surface": "paving_stones",
        "smoothness": "excellent",
        "surface": "asphalt"
      },
      "geometry": {
        "type": "LineString",
        "coordinates": [
          [
            74.7930409,
            13.0124929
          ],
          [
            74.7931669,
            13.0124923
          ],
          [
            74.7941749,
            13.0124815
          ]
        ]
      },
      "id": "way/1291688492"
    },
    {
      "type": "Feature",
      "properties": {
        "@id": "way/1291694056",
        "highway": "unclassified",
        "lane_markings": "no",
        "lanes": "2",
        "name": "MB North Side",
        "surface": "asphalt"
      },
      "geometry": {
        "type": "LineString",
        "coordinates": [
          [
            74.7941763,
            13.0114864
          ],
          [
            74.7943094,
            13.0114761
          ],
          [
            74.7943671,
            13.0114735
          ],
          [
            74.7944301,
            13.0114813
          ],
          [
            74.7944391,
            13.0114238
          ],
          [
            74.7944376,
            13.011368
          ],
          [
            74.7944439,
            13.0112778
          ],
          [
            74.7944556,
            13.0112548
          ]
        ]
      },
      "id": "way/1291694056"
    },
    {
      "type": "Feature",
      "properties": {
        "@id": "way/1291694057",
        "highway": "unclassified",
        "lane_markings": "no",
        "lanes": "2",
        "name": "Pavillion Road",
        "surface": "asphalt"
      },
      "geometry": {
        "type": "LineString",
        "coordinates": [
          [
            74.7941598,
            13.0117955
          ],
          [
            74.7944248,
            13.0117942
          ],
          [
            74.7944301,
            13.0114813
          ]
        ]
      },
      "id": "way/1291694057"
    },
    {
      "type": "Feature",
      "properties": {
        "@id": "way/1291694058",
        "ford": "yes",
        "highway": "unclassified",
        "lane_markings": "no",
        "lanes": "2",
        "maxspeed": "20",
        "maxspeed:type": "sign",
        "name": "street1",
        "surface": "asphalt"
      },
      "geometry": {
        "type": "LineString",
        "coordinates": [
          [
            74.7944248,
            13.0117942
          ],
          [
            74.7948432,
            13.0117861
          ],
          [
            74.7951858,
            13.0117815
          ],
          [
            74.7952948,
            13.0117399
          ],
          [
            74.7953904,
            13.0116852
          ],
          [
            74.7955025,
            13.0115649
          ],
          [
            74.7955039,
            13.0111334
          ],
          [
            74.7955052,
            13.0107495
          ],
          [
            74.7954398,
            13.010057
          ],
          [
            74.7954364,
            13.0095667
          ],
          [
            74.7950408,
            13.009563
          ]
        ]
      },
      "id": "way/1291694058"
    },
    {
      "type": "Feature",
      "properties": {
        "@id": "way/1291694059",
        "highway": "unclassified",
        "lane_markings": "no",
        "lanes": "2",
        "name": "Old auditorium Road",
        "surface": "concrete"
      },
      "geometry": {
        "type": "LineString",
        "coordinates": [
          [
            74.7954398,
            13.010057
          ],
          [
            74.795634,
            13.010219
          ],
          [
            74.7957386,
            13.0104411
          ],
          [
            74.7958275,
            13.0105248
          ],
          [
            74.7959022,
            13.0106084
          ],
          [
            74.796019,
            13.0106391
          ],
          [
            74.7961022,
            13.010644
          ],
          [
            74.7962347,
            13.0106298
          ],
          [
            74.7963583,
            13.0105975
          ],
          [
            74.7964916,
            13.0105618
          ],
          [
            74.7966196,
            13.0105502
          ]
        ]
      },
      "id": "way/1291694059"
    },
    {
      "type": "Feature",
      "properties": {
        "@id": "way/1291698417",
        "highway": "unclassified",
        "lane_markings": "no",
        "lanes": "2",
        "name": "Entry - Shiwalik",
        "surface": "concrete"
      },
      "geometry": {
        "type": "LineString",
        "coordinates": [
          [
            74.7943146,
            13.0081841
          ],
          [
            74.7941647,
            13.00819
          ],
          [
            74.7940482,
            13.0082011
          ],
          [
            74.7939176,
            13.0082261
          ],
          [
            74.7938104,
            13.0082493
          ],
          [
            74.7936775,
            13.0082726
          ],
          [
            74.793212,
            13.0082948
          ]
        ]
      },
      "id": "way/1291698417"
    },
    {
      "type": "Feature",
      "properties": {
        "@id": "way/1291702163",
        "highway": "unclassified",
        "lane_markings": "no",
        "lanes": "2",
        "name": "Green Meadows",
        "surface": "asphalt"
      },
      "geometry": {
        "type": "LineString",
        "coordinates": [
          [
            74.7922075,
            13.0142324
          ],
          [
            74.7920888,
            13.0141683
          ],
          [
            74.7919615,
            13.0141433
          ],
          [
            74.791791,
            13.014121
          ],
          [
            74.7914982,
            13.0140827
          ],
          [
            74.7914464,
            13.0140608
          ],
          [
            74.7914031,
            13.0140288
          ],
          [
            74.7913777,
            13.0139776
          ],
          [
            74.7913676,
            13.0139183
          ],
          [
            74.7913838,
            13.0137012
          ]
        ]
      },
      "id": "way/1291702163"
    },
    {
      "type": "Feature",
      "properties": {
        "@id": "way/1291702164",
        "highway": "unclassified",
        "lane_markings": "no",
        "name": "Medows",
        "surface": "concrete"
      },
      "geometry": {
        "type": "LineString",
        "coordinates": [
          [
            74.7913922,
            13.0135985
          ],
          [
            74.7914615,
            13.013586
          ],
          [
            74.7915141,
            13.0135637
          ],
          [
            74.7915581,
            13.0135224
          ],
          [
            74.7915679,
            13.013479
          ],
          [
            74.7915624,
            13.0134256
          ],
          [
            74.7914986,
            13.013328
          ],
          [
            74.791575,
            13.0132748
          ]
        ]
      },
      "id": "way/1291702164"
    },
    {
      "type": "Feature",
      "properties": {
        "@id": "way/1292894487",
        "highway": "unclassified",
        "lanes": "2",
        "name": "Surathkal Beach Road",
        "name:kn": "ಕಡಲತೀರ ರಸ್ತೆ",
        "surface": "asphalt"
      },
      "geometry": {
        "type": "LineString",
        "coordinates": [
          [
            74.7938661,
            13.0051018
          ],
          [
            74.7937768,
            13.005074
          ],
          [
            74.7936292,
            13.005028
          ],
          [
            74.7933342,
            13.0049339
          ],
          [
            74.793082,
            13.0048764
          ],
          [
            74.7927977,
            13.004798
          ],
          [
            74.79239,
            13.0046883
          ],
          [
            74.7922317,
            13.004626
          ]
        ]
      },
      "id": "way/1292894487"
    },
    {
      "type": "Feature",
      "properties": {
        "@id": "way/1292894488",
        "highway": "residential",
        "surface": "asphalt"
      },
      "geometry": {
        "type": "LineString",
        "coordinates": [
          [
            74.7926292,
            13.0036756
          ],
          [
            74.7923427,
            13.0039998
          ],
          [
            74.7922872,
            13.0042159
          ],
          [
            74.7922317,
            13.004626
          ]
        ]
      },
      "id": "way/1292894488"
    },
    {
      "type": "Feature",
      "properties": {
        "@id": "way/1292894489",
        "highway": "unclassified",
        "name": "Surathkal Beach Road",
        "name:kn": "ಕಡಲತೀರ ರಸ್ತೆ"
      },
      "geometry": {
        "type": "LineString",
        "coordinates": [
          [
            74.7922317,
            13.004626
          ],
          [
            74.7921111,
            13.0045785
          ],
          [
            74.7919662,
            13.0044896
          ],
          [
            74.7918616,
            13.0044084
          ],
          [
            74.7917678,
            13.0043694
          ]
        ]
      },
      "id": "way/1292894489"
    },
    {
      "type": "Feature",
      "properties": {
        "@id": "way/1317356338",
        "highway": "footway",
        "incline": "up",
        "layer": "0",
        "surface": "metal"
      },
      "geometry": {
        "type": "LineString",
        "coordinates": [
          [
            74.792594,
            13.0109545
          ],
          [
            74.792594,
            13.0108964
          ]
        ]
      },
      "id": "way/1317356338"
    },
    {
      "type": "Feature",
      "properties": {
        "@id": "way/1317356339",
        "highway": "footway"
      },
      "geometry": {
        "type": "LineString",
        "coordinates": [
          [
            74.7926083,
            13.0109547
          ],
          [
            74.792594,
            13.0109545
          ]
        ]
      },
      "id": "way/1317356339"
    },
    {
      "type": "Feature",
      "properties": {
        "@id": "way/1317356340",
        "bridge": "yes",
        "covered": "yes",
        "highway": "footway",
        "layer": "1",
        "lit": "yes",
        "name": "Overpass"
      },
      "geometry": {
        "type": "LineString",
        "coordinates": [
          [
            74.792573,
            13.0112122
          ],
          [
            74.792573,
            13.0112261
          ],
          [
            74.7925729,
            13.0112356
          ]
        ]
      },
      "id": "way/1317356340"
    },
    {
      "type": "Feature",
      "properties": {
        "@id": "way/1317356341",
        "handrail": "yes",
        "highway": "steps",
        "incline": "down",
        "ramp": "separate",
        "ramp:wheelchair": "separate",
        "step_count": "50",
        "surface": "metal"
      },
      "geometry": {
        "type": "LineString",
        "coordinates": [
          [
            74.7932267,
            13.0112211
          ],
          [
            74.7932267,
            13.0110668
          ]
        ]
      },
      "id": "way/1317356341"
    },
    {
      "type": "Feature",
      "properties": {
        "@id": "way/1317356342",
        "highway": "footway",
        "smoothness": "good",
        "surface": "paving_stones"
      },
      "geometry": {
        "type": "LineString",
        "coordinates": [
          [
            74.7932267,
            13.0110668
          ],
          [
            74.7931937,
            13.011053
          ],
          [
            74.7932026,
            13.0109788
          ]
        ]
      },
      "id": "way/1317356342"
    },
    {
      "type": "Feature",
      "properties": {
        "@id": "way/1317356343",
        "highway": "residential",
        "smoothness": "bad",
        "surface": "dirt"
      },
      "geometry": {
        "type": "LineString",
        "coordinates": [
          [
            74.7910634,
            13.0115073
          ],
          [
            74.7914555,
            13.0115131
          ],
          [
            74.7916871,
            13.0115054
          ],
          [
            74.7917584,
            13.0114475
          ],
          [
            74.7920654,
            13.0102185
          ],
          [
            74.7922634,
            13.0096609
          ],
          [
            74.7922875,
            13.0095795
          ],
          [
            74.7922892,
            13.0094849
          ],
          [
            74.7923487,
            13.0092085
          ]
        ]
      },
      "id": "way/1317356343"
    },
    {
      "type": "Feature",
      "properties": {
        "@id": "way/1317356344",
        "highway": "service"
      },
      "geometry": {
        "type": "LineString",
        "coordinates": [
          [
            74.7916596,
            13.0172942
          ],
          [
            74.7914512,
            13.0172793
          ],
          [
            74.7914195,
            13.0174337
          ],
          [
            74.7915641,
            13.0175452
          ]
        ]
      },
      "id": "way/1317356344"
    },
    {
      "type": "Feature",
      "properties": {
        "@id": "way/1317356346",
        "highway": "service",
        "service": "driveway"
      },
      "geometry": {
        "type": "LineString",
        "coordinates": [
          [
            74.792018,
            13.0163551
          ],
          [
            74.7916946,
            13.0162339
          ],
          [
            74.7916175,
            13.0164055
          ],
          [
            74.7910783,
            13.0162368
          ],
          [
            74.7911464,
            13.0160238
          ],
          [
            74.7916946,
            13.0162339
          ]
        ]
      },
      "id": "way/1317356346"
    },
    {
      "type": "Feature",
      "properties": {
        "@id": "way/1317356347",
        "highway": "service",
        "surface": "asphalt"
      },
      "geometry": {
        "type": "LineString",
        "coordinates": [
          [
            74.791844,
            13.0147398
          ],
          [
            74.7918385,
            13.0147743
          ],
          [
            74.791759,
            13.0152733
          ],
          [
            74.7922098,
            13.0153375
          ]
        ]
      },
      "id": "way/1317356347"
    },
    {
      "type": "Feature",
      "properties": {
        "@id": "way/1317356348",
        "highway": "unclassified",
        "name": "Coconut Grove Road",
        "oneway": "no",
        "surface": "ground"
      },
      "geometry": {
        "type": "LineString",
        "coordinates": [
          [
            74.7952357,
            13.005577
          ],
          [
            74.7953699,
            13.0055247
          ],
          [
            74.7954664,
            13.0054907
          ],
          [
            74.7955522,
            13.0054515
          ],
          [
            74.795633,
            13.0053937
          ]
        ]
      },
      "id": "way/1317356348"
    },
    {
      "type": "Feature",
      "properties": {
        "@id": "way/1317356352",
        "highway": "residential"
      },
      "geometry": {
        "type": "LineString",
        "coordinates": [
          [
            74.7995221,
            13.009002
          ],
          [
            74.7994097,
            13.0083379
          ]
        ]
      },
      "id": "way/1317356352"
    },
    {
      "type": "Feature",
      "properties": {
        "@id": "way/1317356353",
        "highway": "residential"
      },
      "geometry": {
        "type": "LineString",
        "coordinates": [
          [
            74.7990052,
            13.0074579
          ],
          [
            74.7995166,
            13.0072492
          ]
        ]
      },
      "id": "way/1317356353"
    },
    {
      "type": "Feature",
      "properties": {
        "@id": "way/1317356354",
        "highway": "residential"
      },
      "geometry": {
        "type": "LineString",
        "coordinates": [
          [
            74.7985867,
            13.0076989
          ],
          [
            74.7990052,
            13.0074579
          ]
        ]
      },
      "id": "way/1317356354"
    },
    {
      "type": "Feature",
      "properties": {
        "@id": "way/1317356355",
        "highway": "residential"
      },
      "geometry": {
        "type": "LineString",
        "coordinates": [
          [
            74.7990052,
            13.0074579
          ],
          [
            74.7989963,
            13.0073948
          ],
          [
            74.7989247,
            13.0068681
          ]
        ]
      },
      "id": "way/1317356355"
    },
    {
      "type": "Feature",
      "properties": {
        "@id": "way/1317356356",
        "highway": "service",
        "service": "driveway"
      },
      "geometry": {
        "type": "LineString",
        "coordinates": [
          [
            74.7954886,
            13.008837
          ],
          [
            74.7954801,
            13.0087756
          ],
          [
            74.7954757,
            13.0086472
          ],
          [
            74.7954816,
            13.0084931
          ],
          [
            74.7955197,
            13.0083961
          ],
          [
            74.7956178,
            13.0083219
          ],
          [
            74.7956808,
            13.0082962
          ],
          [
            74.7957399,
            13.0082945
          ],
          [
            74.7957789,
            13.0082933
          ],
          [
            74.7958477,
            13.0083162
          ],
          [
            74.7959341,
            13.0084346
          ],
          [
            74.7959531,
            13.0085687
          ],
          [
            74.7959282,
            13.00869
          ],
          [
            74.7958989,
            13.0088013
          ],
          [
            74.7958504,
            13.0088407
          ]
        ]
      },
      "id": "way/1317356356"
    },
    {
      "type": "Feature",
      "properties": {
        "@id": "way/1351151584",
        "highway": "trunk",
        "lanes": "2",
        "oneway": "yes",
        "ref": "NH66",
        "ref:old": "NH17",
        "surface": "asphalt"
      },
      "geometry": {
        "type": "LineString",
        "coordinates": [
          [
            74.7928363,
            13.0091773
          ],
          [
            74.7928362,
            13.0092079
          ],
          [
            74.792843,
            13.0097061
          ],
          [
            74.7928491,
            13.0106064
          ]
        ]
      },
      "id": "way/1351151584"
    },
    {
      "type": "Feature",
      "properties": {
        "@id": "way/1351151585",
        "bridge": "yes",
        "highway": "trunk",
        "lanes": "2",
        "layer": "1",
        "oneway": "yes",
        "ref": "NH66",
        "ref:old": "NH17",
        "surface": "asphalt"
      },
      "geometry": {
        "type": "LineString",
        "coordinates": [
          [
            74.7928369,
            13.0090692
          ],
          [
            74.7928363,
            13.0091773
          ]
        ]
      },
      "id": "way/1351151585"
    },
    {
      "type": "Feature",
      "properties": {
        "@id": "way/1351151586",
        "highway": "trunk",
        "lanes": "2",
        "oneway": "yes",
        "ref": "NH66",
        "ref:old": "NH17",
        "surface": "asphalt"
      },
      "geometry": {
        "type": "LineString",
        "coordinates": [
          [
            74.7929405,
            13.0106387
          ],
          [
            74.7929323,
            13.0098559
          ],
          [
            74.7929294,
            13.0091783
          ]
        ]
      },
      "id": "way/1351151586"
    },
    {
      "type": "Feature",
      "properties": {
        "@id": "way/1351151587",
        "bridge": "yes",
        "highway": "trunk",
        "lanes": "2",
        "layer": "1",
        "oneway": "yes",
        "ref": "NH66",
        "ref:old": "NH17",
        "surface": "asphalt"
      },
      "geometry": {
        "type": "LineString",
        "coordinates": [
          [
            74.7929294,
            13.0091783
          ],
          [
            74.7929289,
            13.0090701
          ]
        ]
      },
      "id": "way/1351151587"
    },
    {
      "type": "Feature",
      "properties": {
        "@id": "way/1362820335",
        "highway": "unclassified",
        "lane_markings": "no",
        "lanes": "2",
        "name": "SE Office road",
        "surface": "asphalt"
      },
      "geometry": {
        "type": "LineString",
        "coordinates": [
          [
            74.794065,
            13.0066949
          ],
          [
            74.7940391,
            13.0065575
          ],
          [
            74.7939853,
            13.0064645
          ],
          [
            74.7938868,
            13.0064269
          ],
          [
            74.7937476,
            13.0064051
          ]
        ]
      },
      "id": "way/1362820335"
    },
    {
      "type": "Feature",
      "properties": {
        "@id": "way/1362820337",
        "highway": "path",
        "informal": "yes",
        "surface": "dirt"
      },
      "geometry": {
        "type": "LineString",
        "coordinates": [
          [
            74.7951922,
            13.0086385
          ],
          [
            74.7952355,
            13.0087057
          ],
          [
            74.7952379,
            13.0087479
          ],
          [
            74.7953315,
            13.0087639
          ],
          [
            74.7954801,
            13.0087756
          ]
        ]
      },
      "id": "way/1362820337"
    },
    {
      "type": "Feature",
      "properties": {
        "@id": "way/1362820339",
        "highway": "path",
        "informal": "yes",
        "surface": "dirt"
      },
      "geometry": {
        "type": "LineString",
        "coordinates": [
          [
            74.7968717,
            13.0075083
          ],
          [
            74.796807,
            13.007524
          ],
          [
            74.796745,
            13.007566
          ],
          [
            74.7967113,
            13.0076803
          ],
          [
            74.7967002,
            13.0077095
          ]
        ]
      },
      "id": "way/1362820339"
    },
    {
      "type": "Feature",
      "properties": {
        "@id": "way/1362820347",
        "highway": "path",
        "informal": "yes",
        "surface": "dirt"
      },
      "geometry": {
        "type": "LineString",
        "coordinates": [
          [
            74.7957399,
            13.0082945
          ],
          [
            74.7957919,
            13.0081561
          ],
          [
            74.7958019,
            13.0080931
          ],
          [
            74.7958112,
            13.0080349
          ],
          [
            74.7957927,
            13.0078777
          ],
          [
            74.7957698,
            13.0077428
          ],
          [
            74.7957901,
            13.007693
          ],
          [
            74.795895,
            13.0076139
          ],
          [
            74.7960061,
            13.0075744
          ],
          [
            74.7961349,
            13.0075985
          ],
          [
            74.7962909,
            13.0076217
          ],
          [
            74.7963482,
            13.0076414
          ],
          [
            74.7964013,
            13.0076477
          ]
        ]
      },
      "id": "way/1362820347"
    },
    {
      "type": "Feature",
      "properties": {
        "@id": "way/1362820348",
        "highway": "path",
        "informal": "yes",
        "surface": "concrete"
      },
      "geometry": {
        "type": "LineString",
        "coordinates": [
          [
            74.7957698,
            13.0077428
          ],
          [
            74.795672,
            13.0076027
          ]
        ]
      },
      "id": "way/1362820348"
    },
    {
      "type": "Feature",
      "properties": {
        "@id": "way/1362820349",
        "highway": "path",
        "informal": "yes",
        "surface": "compacted"
      },
      "geometry": {
        "type": "LineString",
        "coordinates": [
          [
            74.7958019,
            13.0080931
          ],
          [
            74.7959753,
            13.0081208
          ],
          [
            74.7960387,
            13.0081243
          ],
          [
            74.7960493,
            13.0081964
          ],
          [
            74.796074,
            13.008272
          ],
          [
            74.7961366,
            13.008303
          ],
          [
            74.7961904,
            13.0083287
          ],
          [
            74.7962248,
            13.0083545
          ],
          [
            74.7962151,
            13.0084748
          ],
          [
            74.7961992,
            13.0085882
          ],
          [
            74.796216,
            13.0086724
          ],
          [
            74.7962539,
            13.0087446
          ],
          [
            74.7962601,
            13.0088399
          ],
          [
            74.7962433,
            13.0089233
          ],
          [
            74.7962153,
            13.0091465
          ]
        ]
      },
      "id": "way/1362820349"
    },
    {
      "type": "Feature",
      "properties": {
        "@id": "way/1362820350",
        "highway": "path",
        "informal": "yes",
        "surface": "dirt"
      },
      "geometry": {
        "type": "LineString",
        "coordinates": [
          [
            74.7960387,
            13.0081243
          ],
          [
            74.7960546,
            13.0079911
          ],
          [
            74.7960784,
            13.0079043
          ]
        ]
      },
      "id": "way/1362820350"
    },
    {
      "type": "Feature",
      "properties": {
        "@id": "way/1362820351",
        "highway": "unclassified"
      },
      "geometry": {
        "type": "LineString",
        "coordinates": [
          [
            74.7957074,
            13.0091343
          ],
          [
            74.7957166,
            13.0093248
          ],
          [
            74.7957179,
            13.0093456
          ]
        ]
      },
      "id": "way/1362820351"
    },
    {
      "type": "Feature",
      "properties": {
        "@id": "way/1362820352",
        "highway": "path",
        "informal": "yes"
      },
      "geometry": {
        "type": "LineString",
        "coordinates": [
          [
            74.7959231,
            13.0091499
          ],
          [
            74.795917,
            13.0093316
          ]
        ]
      },
      "id": "way/1362820352"
    },
    {
      "type": "Feature",
      "properties": {
        "@id": "way/1363057620",
        "highway": "footway",
        "lit": "yes",
        "smoothness": "intermediate",
        "surface": "paving_stones"
      },
      "geometry": {
        "type": "LineString",
        "coordinates": [
          [
            74.7932263,
            13.0106437
          ],
          [
            74.7932238,
            13.0107293
          ],
          [
            74.7932492,
            13.0107583
          ],
          [
            74.7932496,
            13.0108627
          ],
          [
            74.7932043,
            13.0109141
          ],
          [
            74.7932026,
            13.0109788
          ]
        ]
      },
      "id": "way/1363057620"
    },
    {
      "type": "Feature",
      "properties": {
        "@id": "way/1363269217",
        "highway": "path",
        "informal": "yes",
        "surface": "dirt"
      },
      "geometry": {
        "type": "LineString",
        "coordinates": [
          [
            74.7959353,
            13.0107341
          ],
          [
            74.7959346,
            13.0108053
          ],
          [
            74.7960057,
            13.0108222
          ],
          [
            74.7960376,
            13.0108429
          ],
          [
            74.7960775,
            13.0108701
          ]
        ]
      },
      "id": "way/1363269217"
    },
    {
      "type": "Feature",
      "properties": {
        "@id": "way/1363785292",
        "highway": "steps",
        "incline": "down",
        "lit": "yes"
      },
      "geometry": {
        "type": "LineString",
        "coordinates": [
          [
            74.792583,
            13.0112262
          ],
          [
            74.7925818,
            13.0113571
          ]
        ]
      },
      "id": "way/1363785292"
    },
    {
      "type": "Feature",
      "properties": {
        "@id": "way/1392080524",
        "highway": "residential"
      },
      "geometry": {
        "type": "LineString",
        "coordinates": [
          [
            74.8044339,
            13.007897
          ],
          [
            74.8044919,
            13.0078196
          ],
          [
            74.8046148,
            13.0077549
          ],
          [
            74.8046999,
            13.0077292
          ],
          [
            74.8048096,
            13.0077014
          ],
          [
            74.8050015,
            13.0076726
          ],
          [
            74.8050471,
            13.0076242
          ],
          [
            74.8050495,
            13.0075721
          ],
          [
            74.8050084,
            13.007503
          ],
          [
            74.8049508,
            13.0074106
          ],
          [
            74.8048379,
            13.0072382
          ],
          [
            74.8047629,
            13.0071331
          ],
          [
            74.8046981,
            13.0070555
          ],
          [
            74.8046565,
            13.006965
          ],
          [
            74.8046074,
            13.0068573
          ],
          [
            74.8045835,
            13.0067648
          ],
          [
            74.804553,
            13.0067271
          ],
          [
            74.8044631,
            13.0067332
          ],
          [
            74.8042704,
            13.0068004
          ],
          [
            74.8039948,
            13.0068253
          ],
          [
            74.8037265,
            13.0068416
          ]
        ]
      },
      "id": "way/1392080524"
    },
    {
      "type": "Feature",
      "properties": {
        "@id": "way/1418669376",
        "highway": "service",
        "smoothness": "excellent",
        "surface": "concrete"
      },
      "geometry": {
        "type": "LineString",
        "coordinates": [
          [
            74.7936618,
            13.0091301
          ],
          [
            74.793666,
            13.0097507
          ],
          [
            74.7936667,
            13.009848
          ],
          [
            74.7936324,
            13.0102436
          ],
          [
            74.7932612,
            13.010127
          ],
          [
            74.7931623,
            13.0100959
          ],
          [
            74.793188,
            13.0091242
          ]
        ]
      },
      "id": "way/1418669376"
    },
    {
      "type": "Feature",
      "properties": {
        "@id": "way/1418669378",
        "highway": "service"
      },
      "geometry": {
        "type": "LineString",
        "coordinates": [
          [
            74.7939421,
            13.0091336
          ],
          [
            74.7939439,
            13.0089738
          ],
          [
            74.7941191,
            13.0089774
          ]
        ]
      },
      "id": "way/1418669378"
    },
    {
      "type": "Feature",
      "properties": {
        "@id": "way/1418669379",
        "highway": "service"
      },
      "geometry": {
        "type": "LineString",
        "coordinates": [
          [
            74.7939439,
            13.0089738
          ],
          [
            74.7939482,
            13.0088336
          ]
        ]
      },
      "id": "way/1418669379"
    },
    {
      "type": "Feature",
      "properties": {
        "@id": "way/1418669380",
        "highway": "path",
        "informal": "yes"
      },
      "geometry": {
        "type": "LineString",
        "coordinates": [
          [
            74.7942992,
            13.0088217
          ],
          [
            74.7942092,
            13.0088248
          ],
          [
            74.7939482,
            13.0088336
          ]
        ]
      },
      "id": "way/1418669380"
    },
    {
      "type": "Feature",
      "properties": {
        "@id": "way/1418669381",
        "highway": "unclassified"
      },
      "geometry": {
        "type": "LineString",
        "coordinates": [
          [
            74.7942997,
            13.0085144
          ],
          [
            74.7942075,
            13.0085186
          ],
          [
            74.7942092,
            13.0088248
          ]
        ]
      },
      "id": "way/1418669381"
    },
    {
      "type": "Feature",
      "properties": {
        "@id": "way/1418669382",
        "highway": "unclassified",
        "lane_markings": "no",
        "lanes": "2",
        "name": "Shiwalik Back Road",
        "surface": "concrete"
      },
      "geometry": {
        "type": "LineString",
        "coordinates": [
          [
            74.793212,
            13.0082948
          ],
          [
            74.7931835,
            13.0080402
          ],
          [
            74.79353,
            13.0080056
          ],
          [
            74.793662,
            13.0078411
          ],
          [
            74.7938155,
            13.0079611
          ],
          [
            74.7943109,
            13.0079459
          ]
        ]
      },
      "id": "way/1418669382"
    },
    {
      "type": "Feature",
      "properties": {
        "@id": "way/1418669383",
        "highway": "unclassified",
        "lane_markings": "no",
        "lanes": "2",
        "name": "Behind physics Dept",
        "surface": "asphalt"
      },
      "geometry": {
        "type": "LineString",
        "coordinates": [
          [
            74.7942997,
            13.0085144
          ],
          [
            74.7944229,
            13.0084482
          ],
          [
            74.7948928,
            13.0084237
          ],
          [
            74.7950534,
            13.008619
          ]
        ]
      },
      "id": "way/1418669383"
    },
    {
      "type": "Feature",
      "properties": {
        "@id": "way/1418669384",
        "handrail": "no",
        "highway": "steps",
        "incline": "down",
        "ramp": "no",
        "step_count": "9",
        "surface": "concrete"
      },
      "geometry": {
        "type": "LineString",
        "coordinates": [
          [
            74.794292,
            13.0077246
          ],
          [
            74.7943599,
            13.0077177
          ],
          [
            74.7943882,
            13.0076755
          ]
        ]
      },
      "id": "way/1418669384"
    },
    {
      "type": "Feature",
      "properties": {
        "@id": "way/1418669385",
        "highway": "path",
        "informal": "yes",
        "surface": "compacted"
      },
      "geometry": {
        "type": "LineString",
        "coordinates": [
          [
            74.7961904,
            13.0083287
          ],
          [
            74.7962883,
            13.0082463
          ],
          [
            74.7964347,
            13.008249
          ],
          [
            74.7968071,
            13.0083509
          ]
        ]
      },
      "id": "way/1418669385"
    },
    {
      "type": "Feature",
      "properties": {
        "@id": "way/1420451044",
        "footway": "sidewalk",
        "highway": "footway"
      },
      "geometry": {
        "type": "LineString",
        "coordinates": [
          [
            74.7953904,
            13.0116852
          ],
          [
            74.7953832,
            13.0120509
          ],
          [
            74.795368,
            13.0124647
          ]
        ]
      },
      "id": "way/1420451044"
    },
    {
      "type": "Feature",
      "properties": {
        "@id": "way/1420451045",
        "handrail": "no",
        "highway": "steps"
      },
      "geometry": {
        "type": "LineString",
        "coordinates": [
          [
            74.7953832,
            13.0120509
          ],
          [
            74.7954733,
            13.0120493
          ],
          [
            74.7954937,
            13.0119714
          ]
        ]
      },
      "id": "way/1420451045"
    },
    {
      "type": "Feature",
      "properties": {
        "@id": "way/1420451046",
        "handrail": "no",
        "highway": "steps"
      },
      "geometry": {
        "type": "LineString",
        "coordinates": [
          [
            74.7954733,
            13.0120493
          ],
          [
            74.7955039,
            13.0121222
          ]
        ]
      },
      "id": "way/1420451046"
    },
    {
      "type": "Feature",
      "properties": {
        "@id": "way/1420451047",
        "highway": "unclassified",
        "lane_markings": "no",
        "lanes": "2",
        "name": "Mech Ring Road",
        "surface": "asphalt"
      },
      "geometry": {
        "type": "LineString",
        "coordinates": [
          [
            74.7955039,
            13.0121222
          ],
          [
            74.7954937,
            13.0119714
          ],
          [
            74.7955209,
            13.011698
          ],
          [
            74.7962659,
            13.0116897
          ],
          [
            74.7963135,
            13.0122183
          ],
          [
            74.7961597,
            13.0122252
          ],
          [
            74.7959232,
            13.0122358
          ],
          [
            74.7955379,
            13.0122531
          ],
          [
            74.7955039,
            13.0121222
          ]
        ]
      },
      "id": "way/1420451047"
    },
    {
      "type": "Feature",
      "properties": {
        "@id": "way/1420451048",
        "highway": "unclassified"
      },
      "geometry": {
        "type": "LineString",
        "coordinates": [
          [
            74.7961597,
            13.0122252
          ],
          [
            74.7961481,
            13.0124492
          ]
        ]
      },
      "id": "way/1420451048"
    },
    {
      "type": "Feature",
      "properties": {
        "@id": "way/1420451049",
        "highway": "unclassified",
        "lane_markings": "no",
        "lanes": "2",
        "name": "Mech Entry",
        "surface": "asphalt"
      },
      "geometry": {
        "type": "LineString",
        "coordinates": [
          [
            74.7955379,
            13.0122531
          ],
          [
            74.7955281,
            13.012462
          ]
        ]
      },
      "id": "way/1420451049"
    },
    {
      "type": "Feature",
      "properties": {
        "@id": "way/1420451050",
        "highway": "path"
      },
      "geometry": {
        "type": "LineString",
        "coordinates": [
          [
            74.7959232,
            13.0122358
          ],
          [
            74.7959087,
            13.0124543
          ]
        ]
      },
      "id": "way/1420451050"
    },
    {
      "type": "Feature",
      "properties": {
        "@id": "way/1420451051",
        "highway": "unclassified",
        "lane_markings": "no",
        "lanes": "2",
        "name": "Chemical Dept Road",
        "surface": "asphalt"
      },
      "geometry": {
        "type": "LineString",
        "coordinates": [
          [
            74.796627,
            13.0106991
          ],
          [
            74.7964273,
            13.0108597
          ],
          [
            74.7960775,
            13.0108701
          ],
          [
            74.7960668,
            13.0114289
          ],
          [
            74.796355,
            13.0115346
          ],
          [
            74.7964624,
            13.0115665
          ],
          [
            74.7966259,
            13.011615
          ]
        ]
      },
      "id": "way/1420451051"
    },
    {
      "type": "Feature",
      "properties": {
        "@id": "way/1420451052",
        "highway": "unclassified",
        "lane_markings": "no",
        "lanes": "2",
        "name": "Chemical Dept Front road",
        "surface": "asphalt"
      },
      "geometry": {
        "type": "LineString",
        "coordinates": [
          [
            74.7964273,
            13.0108597
          ],
          [
            74.7964544,
            13.0111404
          ],
          [
            74.7964624,
            13.0115665
          ]
        ]
      },
      "id": "way/1420451052"
    },
    {
      "type": "Feature",
      "properties": {
        "@id": "way/1420451053",
        "highway": "path"
      },
      "geometry": {
        "type": "LineString",
        "coordinates": [
          [
            74.795917,
            13.0093316
          ],
          [
            74.7960237,
            13.0093455
          ],
          [
            74.7962797,
            13.0093521
          ],
          [
            74.7963378,
            13.0094806
          ]
        ]
      },
      "id": "way/1420451053"
    },
    {
      "type": "Feature",
      "properties": {
        "@id": "way/1420451054",
        "highway": "path"
      },
      "geometry": {
        "type": "LineString",
        "coordinates": [
          [
            74.7957166,
            13.0093248
          ],
          [
            74.795917,
            13.0093316
          ]
        ]
      },
      "id": "way/1420451054"
    },
    {
      "type": "Feature",
      "properties": {
        "@id": "way/1420451056",
        "highway": "service",
        "surface": "concrete"
      },
      "geometry": {
        "type": "LineString",
        "coordinates": [
          [
            74.793327,
            13.0091259
          ],
          [
            74.7933361,
            13.0089712
          ],
          [
            74.7933856,
            13.0089203
          ]
        ]
      },
      "id": "way/1420451056"
    },
    {
      "type": "Feature",
      "properties": {
        "@id": "way/1420451057",
        "handrail": "yes",
        "highway": "steps",
        "incline": "down",
        "ramp": "no",
        "surface": "concrete"
      },
      "geometry": {
        "type": "LineString",
        "coordinates": [
          [
            74.7955039,
            13.0111334
          ],
          [
            74.7956048,
            13.0111378
          ]
        ]
      },
      "id": "way/1420451057"
    },
    {
      "type": "Feature",
      "properties": {
        "@id": "way/1420451828",
        "highway": "unclassified",
        "lane_markings": "no",
        "lanes": "2",
        "name": "Mega mess left road",
        "surface": "asphalt"
      },
      "geometry": {
        "type": "LineString",
        "coordinates": [
          [
            74.795185,
            13.0074026
          ],
          [
            74.7949924,
            13.0076994
          ],
          [
            74.795406,
            13.0079786
          ]
        ]
      },
      "id": "way/1420451828"
    },
    {
      "type": "Feature",
      "properties": {
        "@id": "way/1420451829",
        "highway": "unclassified",
        "lane_markings": "no",
        "lanes": "2",
        "name": "Central Library Road",
        "oneway": "no",
        "surface": "asphalt"
      },
      "geometry": {
        "type": "LineString",
        "coordinates": [
          [
            74.793895,
            13.0099513
          ],
          [
            74.7939075,
            13.0100715
          ],
          [
            74.7940636,
            13.0100824
          ],
          [
            74.7941704,
            13.0101028
          ],
          [
            74.7941731,
            13.0102936
          ],
          [
            74.7941734,
            13.0103511
          ],
          [
            74.7941758,
            13.0107065
          ]
        ]
      },
      "id": "way/1420451829"
    },
    {
      "type": "Feature",
      "properties": {
        "@id": "way/1420451830",
        "handrail": "yes",
        "highway": "steps",
        "incline": "down",
        "ramp": "yes",
        "ramp:wheelchair": "yes",
        "step_count": "12",
        "surface": "concrete"
      },
      "geometry": {
        "type": "LineString",
        "coordinates": [
          [
            74.7939021,
            13.009821
          ],
          [
            74.7938953,
            13.0097418
          ],
          [
            74.793666,
            13.0097507
          ]
        ]
      },
      "id": "way/1420451830"
    },
    {
      "type": "Feature",
      "properties": {
        "@id": "way/1467721511",
        "highway": "footway",
        "surface": "metal"
      },
      "geometry": {
        "type": "LineString",
        "coordinates": [
          [
            74.792594,
            13.0108964
          ],
          [
            74.7925748,
            13.0108961
          ]
        ]
      },
      "id": "way/1467721511"
    },
    {
      "type": "Feature",
      "properties": {
        "@id": "way/1467721512",
        "highway": "footway",
        "incline": "up",
        "layer": "1",
        "surface": "metal"
      },
      "geometry": {
        "type": "LineString",
        "coordinates": [
          [
            74.7925923,
            13.0112064
          ],
          [
            74.7925942,
            13.0109058
          ]
        ]
      },
      "id": "way/1467721512"
    },
    {
      "type": "Feature",
      "properties": {
        "@id": "way/1467721514",
        "footway": "sidewalk",
        "highway": "footway",
        "smoothness": "intermediate",
        "surface": "paving_stones"
      },
      "geometry": {
        "type": "LineString",
        "coordinates": [
          [
            74.7925832,
            13.0120651
          ],
          [
            74.7925737,
            13.0123303
          ],
          [
            74.7925257,
            13.0123893
          ],
          [
            74.7924709,
            13.0124086
          ],
          [
            74.7923012,
            13.0123961
          ],
          [
            74.791681,
            13.0123111
          ]
        ]
      },
      "id": "way/1467721514"
    },
    {
      "type": "Feature",
      "properties": {
        "@id": "way/1467721518",
        "highway": "footway",
        "incline": "up",
        "layer": "0",
        "lit": "yes",
        "surface": "metal"
      },
      "geometry": {
        "type": "LineString",
        "coordinates": [
          [
            74.7925748,
            13.0108961
          ],
          [
            74.7925732,
            13.0112062
          ]
        ]
      },
      "id": "way/1467721518"
    },
    {
      "type": "Feature",
      "properties": {
        "@id": "way/1467721521",
        "highway": "footway",
        "incline": "up",
        "surface": "concrete"
      },
      "geometry": {
        "type": "LineString",
        "coordinates": [
          [
            74.7916161,
            13.0126168
          ],
          [
            74.7914338,
            13.0126258
          ]
        ]
      },
      "id": "way/1467721521"
    },
    {
      "type": "Feature",
      "properties": {
        "@id": "way/1467721527",
        "footway": "sidewalk",
        "highway": "footway",
        "smoothness": "intermediate",
        "surface": "paving_stones"
      },
      "geometry": {
        "type": "LineString",
        "coordinates": [
          [
            74.7926468,
            13.0124134
          ],
          [
            74.7926386,
            13.0094125
          ]
        ]
      },
      "id": "way/1467721527"
    },
    {
      "type": "Feature",
      "properties": {
        "@id": "way/1467721531",
        "highway": "unclassified",
        "maxspeed": "30",
        "oneway": "no"
      },
      "geometry": {
        "type": "LineString",
        "coordinates": [
          [
            74.7927574,
            13.0124867
          ],
          [
            74.792628,
            13.0124817
          ],
          [
            74.7925955,
            13.0124803
          ]
        ]
      },
      "id": "way/1467721531"
    },
    {
      "type": "Feature",
      "properties": {
        "@id": "way/1467721536",
        "highway": "footway",
        "layer": "1",
        "surface": "metal"
      },
      "geometry": {
        "type": "LineString",
        "coordinates": [
          [
            74.7925942,
            13.0109058
          ],
          [
            74.7925748,
            13.0109057
          ]
        ]
      },
      "id": "way/1467721536"
    },
    {
      "type": "Feature",
      "properties": {
        "@id": "way/1467721537",
        "highway": "footway",
        "layer": "1"
      },
      "geometry": {
        "type": "LineString",
        "coordinates": [
          [
            74.7925732,
            13.0112062
          ],
          [
            74.7925923,
            13.0112064
          ]
        ]
      },
      "id": "way/1467721537"
    },
    {
      "type": "Feature",
      "properties": {
        "@id": "way/1467721538",
        "highway": "footway",
        "incline": "down",
        "surface": "concrete"
      },
      "geometry": {
        "type": "LineString",
        "coordinates": [
          [
            74.7914473,
            13.0129058
          ],
          [
            74.7916169,
            13.0128955
          ]
        ]
      },
      "id": "way/1467721538"
    },
    {
      "type": "Feature",
      "properties": {
        "@id": "way/1467721540",
        "highway": "footway",
        "surface": "paving_stones"
      },
      "geometry": {
        "type": "LineString",
        "coordinates": [
          [
            74.7914338,
            13.0126258
          ],
          [
            74.7914473,
            13.0129058
          ]
        ]
      },
      "id": "way/1467721540"
    },
    {
      "type": "Feature",
      "properties": {
        "@id": "way/1467721542",
        "highway": "unclassified",
        "lane_markings": "no",
        "lanes": "2",
        "maxspeed": "30",
        "name": "Guest House Road",
        "oneway": "no",
        "smoothness": "excellent",
        "surface": "asphalt"
      },
      "geometry": {
        "type": "LineString",
        "coordinates": [
          [
            74.7925955,
            13.0124803
          ],
          [
            74.7923068,
            13.012458
          ],
          [
            74.7920627,
            13.0124162
          ],
          [
            74.7918024,
            13.0123968
          ],
          [
            74.7917993,
            13.0125907
          ],
          [
            74.7917868,
            13.0129273
          ],
          [
            74.7917741,
            13.0129508
          ],
          [
            74.7917511,
            13.0129654
          ],
          [
            74.7916922,
            13.0129652
          ],
          [
            74.7916588,
            13.0129604
          ],
          [
            74.7916298,
            13.0129402
          ],
          [
            74.7916169,
            13.0128955
          ],
          [
            74.7916148,
            13.01285
          ],
          [
            74.7916148,
            13.0127716
          ],
          [
            74.7916161,
            13.0126168
          ],
          [
            74.7916203,
            13.0125262
          ],
          [
            74.7916312,
            13.012481
          ],
          [
            74.7916475,
            13.0124468
          ],
          [
            74.7916749,
            13.0124152
          ],
          [
            74.7917075,
            13.0123972
          ],
          [
            74.7917355,
            13.01239
          ],
          [
            74.7918024,
            13.0123968
          ]
        ]
      },
      "id": "way/1467721542"
    },
    {
      "type": "Feature",
      "properties": {
        "@id": "way/1467721543",
        "highway": "footway",
        "incline": "up",
        "layer": "1",
        "lit": "yes",
        "surface": "metal"
      },
      "geometry": {
        "type": "LineString",
        "coordinates": [
          [
            74.7925748,
            13.0109057
          ],
          [
            74.792573,
            13.0112122
          ]
        ]
      },
      "id": "way/1467721543"
    },
    {
      "type": "Feature",
      "properties": {
        "@id": "way/1467721545",
        "footway": "sidewalk",
        "highway": "footway",
        "smoothness": "intermediate",
        "surface": "paving_stones"
      },
      "geometry": {
        "type": "LineString",
        "coordinates": [
          [
            74.7923012,
            13.0123961
          ],
          [
            74.7923065,
            13.0121159
          ],
          [
            74.7922533,
            13.0121147
          ]
        ]
      },
      "id": "way/1467721545"
    },
    {
      "type": "Feature",
      "properties": {
        "@id": "way/1467721547",
        "highway": "service",
        "smoothness": "excellent",
        "surface": "asphalt"
      },
      "geometry": {
        "type": "LineString",
        "coordinates": [
          [
            74.7926149,
            13.0115108
          ],
          [
            74.7924899,
            13.011513
          ],
          [
            74.7918485,
            13.0115182
          ]
        ]
      },
      "id": "way/1467721547"
    },
    {
      "type": "Feature",
      "properties": {
        "@id": "way/1467721550",
        "footway": "sidewalk",
        "highway": "footway",
        "smoothness": "intermediate",
        "surface": "paving_stones"
      },
      "geometry": {
        "type": "LineString",
        "coordinates": [
          [
            74.7925252,
            13.0129147
          ],
          [
            74.7925494,
            13.0126004
          ],
          [
            74.7925236,
            13.0125406
          ],
          [
            74.7924707,
            13.0125101
          ],
          [
            74.7918505,
            13.0124251
          ]
        ]
      },
      "id": "way/1467721550"
    },
    {
      "type": "Feature",
      "properties": {
        "@id": "way/1467935473",
        "highway": "path",
        "surface": "paving_stones"
      },
      "geometry": {
        "type": "LineString",
        "coordinates": [
          [
            74.7917102,
            13.0162511
          ],
          [
            74.792018,
            13.0163551
          ]
        ]
      },
      "id": "way/1467935473"
    },
    {
      "type": "Feature",
      "properties": {
        "@id": "way/1467962758",
        "highway": "service",
        "smoothness": "good",
        "surface": "paving_stones"
      },
      "geometry": {
        "type": "LineString",
        "coordinates": [
          [
            74.7925958,
            13.0101057
          ],
          [
            74.7922237,
            13.010126
          ],
          [
            74.7921872,
            13.0101505
          ],
          [
            74.7919927,
            13.0108156
          ],
          [
            74.7922979,
            13.0108859
          ],
          [
            74.7925153,
            13.010812
          ],
          [
            74.792605,
            13.0107815
          ]
        ]
      },
      "id": "way/1467962758"
    },
    {
      "type": "Feature",
      "properties": {
        "@id": "way/1467962759",
        "highway": "service",
        "smoothness": "intermediate",
        "surface": "paving_stones"
      },
      "geometry": {
        "type": "LineString",
        "coordinates": [
          [
            74.7923326,
            13.0118607
          ],
          [
            74.7923112,
            13.0118944
          ],
          [
            74.7922652,
            13.0119143
          ],
          [
            74.7922132,
            13.0118957
          ],
          [
            74.7922012,
            13.0118547
          ],
          [
            74.7922206,
            13.011813
          ],
          [
            74.7922747,
            13.0118007
          ],
          [
            74.7923192,
            13.0118164
          ],
          [
            74.7923326,
            13.0118607
          ]
        ]
      },
      "id": "way/1467962759"
    },
    {
      "type": "Feature",
      "properties": {
        "@id": "way/1467962765",
        "highway": "service",
        "smoothness": "excellent",
        "surface": "asphalt"
      },
      "geometry": {
        "type": "LineString",
        "coordinates": [
          [
            74.7924899,
            13.011513
          ],
          [
            74.7924729,
            13.0117024
          ]
        ]
      },
      "id": "way/1467962765"
    },
    {
      "type": "Feature",
      "properties": {
        "@id": "way/1467962766",
        "highway": "service",
        "surface": "metal"
      },
      "geometry": {
        "type": "LineString",
        "coordinates": [
          [
            74.7925153,
            13.010812
          ],
          [
            74.7925205,
            13.0109413
          ],
          [
            74.7924688,
            13.0109427
          ],
          [
            74.7924844,
            13.0113772
          ],
          [
            74.7926097,
            13.0113746
          ]
        ]
      },
      "id": "way/1467962766"
    },
    {
      "type": "Feature",
      "properties": {
        "@id": "way/1467962769",
        "highway": "service",
        "smoothness": "intermediate",
        "surface": "paving_stones"
      },
      "geometry": {
        "type": "LineString",
        "coordinates": [
          [
            74.7924729,
            13.0117024
          ],
          [
            74.7924693,
            13.0117595
          ],
          [
            74.7923326,
            13.0118607
          ]
        ]
      },
      "id": "way/1467962769"
    },
    {
      "type": "Feature",
      "properties": {
        "@id": "way/1468108916",
        "footway": "sidewalk",
        "highway": "footway",
        "smoothness": "intermediate",
        "surface": "paving_stones"
      },
      "geometry": {
        "type": "LineString",
        "coordinates": [
          [
            74.7895771,
            13.0143427
          ],
          [
            74.7909266,
            13.0145692
          ]
        ]
      },
      "id": "way/1468108916"
    },
    {
      "type": "Feature",
      "properties": {
        "@id": "way/1468108917",
        "highway": "footway",
        "smoothness": "intermediate",
        "surface": "paving_stones"
      },
      "geometry": {
        "type": "LineString",
        "coordinates": [
          [
            74.7917909,
            13.0140655
          ],
          [
            74.7914969,
            13.0140319
          ],
          [
            74.7914604,
            13.014004
          ],
          [
            74.7914324,
            13.01396
          ],
          [
            74.7914259,
            13.0139163
          ],
          [
            74.7914518,
            13.0137419
          ],
          [
            74.7914669,
            13.0137018
          ],
          [
            74.7914916,
            13.0136713
          ],
          [
            74.7915905,
            13.0135415
          ],
          [
            74.7916075,
            13.0134884
          ],
          [
            74.7915902,
            13.0134239
          ],
          [
            74.7915382,
            13.0133431
          ]
        ]
      },
      "id": "way/1468108917"
    },
    {
      "type": "Feature",
      "properties": {
        "@id": "way/1468108920",
        "footway": "sidewalk",
        "highway": "footway",
        "smoothness": "intermediate",
        "surface": "paving_stones"
      },
      "geometry": {
        "type": "LineString",
        "coordinates": [
          [
            74.7916118,
            13.0143656
          ],
          [
            74.7915547,
            13.0146612
          ]
        ]
      },
      "id": "way/1468108920"
    },
    {
      "type": "Feature",
      "properties": {
        "@id": "way/1468108922",
        "highway": "service",
        "surface": "asphalt"
      },
      "geometry": {
        "type": "LineString",
        "coordinates": [
          [
            74.7915379,
            13.0143545
          ],
          [
            74.7916118,
            13.0143656
          ],
          [
            74.7917467,
            13.0143859
          ],
          [
            74.791791,
            13.014121
          ]
        ]
      },
      "id": "way/1468108922"
    },
    {
      "type": "Feature",
      "properties": {
        "@id": "way/1468108923",
        "footway": "sidewalk",
        "highway": "footway",
        "surface": "asphalt"
      },
      "geometry": {
        "type": "LineString",
        "coordinates": [
          [
            74.7894669,
            13.0143207
          ],
          [
            74.7895771,
            13.0143427
          ]
        ]
      },
      "id": "way/1468108923"
    },
    {
      "type": "Feature",
      "properties": {
        "@id": "way/1468108924",
        "highway": "unclassified",
        "lanes": "1",
        "name": "Beach Gate U Turn",
        "oneway": "yes",
        "smoothness": "excellent",
        "surface": "asphalt"
      },
      "geometry": {
        "type": "LineString",
        "coordinates": [
          [
            74.7883259,
            13.0141313
          ],
          [
            74.7882929,
            13.0141329
          ],
          [
            74.78828,
            13.0141477
          ],
          [
            74.7882884,
            13.0141622
          ],
          [
            74.7883108,
            13.0141713
          ]
        ]
      },
      "id": "way/1468108924"
    },
    {
      "type": "Feature",
      "properties": {
        "@id": "way/1468108925",
        "highway": "footway",
        "surface": "dirt"
      },
      "geometry": {
        "type": "LineString",
        "coordinates": [
          [
            74.7915905,
            13.0135415
          ],
          [
            74.7918379,
            13.0135935
          ]
        ]
      },
      "id": "way/1468108925"
    },
    {
      "type": "Feature",
      "properties": {
        "@id": "way/1468108926",
        "footway": "sidewalk",
        "highway": "footway",
        "smoothness": "intermediate",
        "surface": "paving_stones"
      },
      "geometry": {
        "type": "LineString",
        "coordinates": [
          [
            74.790758,
            13.0127026
          ],
          [
            74.7908705,
            13.0127052
          ]
        ]
      },
      "id": "way/1468108926"
    },
    {
      "type": "Feature",
      "properties": {
        "@id": "way/1468108927",
        "highway": "service"
      },
      "geometry": {
        "type": "LineString",
        "coordinates": [
          [
            74.7911672,
            13.008872
          ],
          [
            74.7911401,
            13.0090671
          ]
        ]
      },
      "id": "way/1468108927"
    },
    {
      "type": "Feature",
      "properties": {
        "@id": "way/1468108928",
        "footway": "sidewalk",
        "highway": "footway",
        "smoothness": "intermediate",
        "surface": "paving_stones"
      },
      "geometry": {
        "type": "LineString",
        "coordinates": [
          [
            74.7910108,
            13.0145837
          ],
          [
            74.7915547,
            13.0146612
          ],
          [
            74.7918943,
            13.0147285
          ]
        ]
      },
      "id": "way/1468108928"
    },
    {
      "type": "Feature",
      "properties": {
        "@id": "way/1468108929",
        "footway": "sidewalk",
        "highway": "footway",
        "smoothness": "intermediate",
        "surface": "paving_stones"
      },
      "geometry": {
        "type": "LineString",
        "coordinates": [
          [
            74.7913069,
            13.0135226
          ],
          [
            74.7907821,
            13.0129937
          ],
          [
            74.7907594,
            13.012955
          ],
          [
            74.7907518,
            13.0129036
          ],
          [
            74.790758,
            13.0127026
          ],
          [
            74.790765,
            13.0124789
          ]
        ]
      },
      "id": "way/1468108929"
    },
    {
      "type": "Feature",
      "properties": {
        "@id": "way/1468108932",
        "highway": "unclassified",
        "lanes": "1",
        "name": "Beach Gate Road",
        "oneway": "yes",
        "smoothness": "excellent",
        "surface": "asphalt"
      },
      "geometry": {
        "type": "LineString",
        "coordinates": [
          [
            74.7923212,
            13.0148267
          ],
          [
            74.7921349,
            13.0147896
          ],
          [
            74.791844,
            13.0147398
          ],
          [
            74.789509,
            13.0143489
          ],
          [
            74.7883259,
            13.0141313
          ]
        ]
      },
      "id": "way/1468108932"
    },
    {
      "type": "Feature",
      "properties": {
        "@id": "way/1468108934",
        "highway": "footway",
        "smoothness": "intermediate",
        "surface": "paving_stones"
      },
      "geometry": {
        "type": "LineString",
        "coordinates": [
          [
            74.7925212,
            13.0132604
          ],
          [
            74.7923325,
            13.0136105
          ]
        ]
      },
      "id": "way/1468108934"
    },
    {
      "type": "Feature",
      "properties": {
        "@id": "way/1468108935",
        "check_date": "2024-03-11",
        "highway": "unclassified"
      },
      "geometry": {
        "type": "LineString",
        "coordinates": [
          [
            74.7927547,
            13.0091147
          ],
          [
            74.7927178,
            13.0091155
          ]
        ]
      },
      "id": "way/1468108935"
    },
    {
      "type": "Feature",
      "properties": {
        "@id": "way/1468108936",
        "footway": "sidewalk",
        "highway": "footway",
        "surface": "asphalt"
      },
      "geometry": {
        "type": "LineString",
        "coordinates": [
          [
            74.7909266,
            13.0145692
          ],
          [
            74.7910108,
            13.0145837
          ]
        ]
      },
      "id": "way/1468108936"
    },
    {
      "type": "Feature",
      "properties": {
        "@id": "way/1468108937",
        "footway": "sidewalk",
        "highway": "footway",
        "smoothness": "intermediate",
        "surface": "paving_stones"
      },
      "geometry": {
        "type": "LineString",
        "coordinates": [
          [
            74.7912765,
            13.0136303
          ],
          [
            74.7907156,
            13.0130506
          ],
          [
            74.7906849,
            13.0129925
          ],
          [
            74.7906741,
            13.0129263
          ],
          [
            74.7906596,
            13.0124649
          ]
        ]
      },
      "id": "way/1468108937"
    },
    {
      "type": "Feature",
      "properties": {
        "@id": "way/1468108938",
        "highway": "service"
      },
      "geometry": {
        "type": "LineString",
        "coordinates": [
          [
            74.7904095,
            13.0093617
          ],
          [
            74.7900124,
            13.009242
          ]
        ]
      },
      "id": "way/1468108938"
    },
    {
      "type": "Feature",
      "properties": {
        "@id": "way/1468108939",
        "highway": "footway"
      },
      "geometry": {
        "type": "LineString",
        "coordinates": [
          [
            74.7890324,
            13.0088664
          ],
          [
            74.7889143,
            13.0088452
          ]
        ]
      },
      "id": "way/1468108939"
    },
    {
      "type": "Feature",
      "properties": {
        "@id": "way/1468108940",
        "highway": "footway"
      },
      "geometry": {
        "type": "LineString",
        "coordinates": [
          [
            74.7890406,
            13.0087658
          ],
          [
            74.7889452,
            13.008754
          ]
        ]
      },
      "id": "way/1468108940"
    },
    {
      "type": "Feature",
      "properties": {
        "@id": "way/1468108941",
        "highway": "footway",
        "smoothness": "intermediate",
        "surface": "paving_stones"
      },
      "geometry": {
        "type": "LineString",
        "coordinates": [
          [
            74.7926674,
            13.0126462
          ],
          [
            74.7926403,
            13.0130783
          ],
          [
            74.792534,
            13.013769
          ]
        ]
      },
      "id": "way/1468108941"
    },
    {
      "type": "Feature",
      "properties": {
        "@id": "way/1468108942",
        "highway": "unclassified",
        "lanes": "1",
        "maxspeed": "30",
        "name": "West campus entry",
        "oneway": "yes",
        "smoothness": "excellent",
        "surface": "asphalt"
      },
      "geometry": {
        "type": "LineString",
        "coordinates": [
          [
            74.7924746,
            13.0138387
          ],
          [
            74.7925455,
            13.0131479
          ]
        ]
      },
      "id": "way/1468108942"
    },
    {
      "type": "Feature",
      "properties": {
        "@id": "way/1468108945",
        "highway": "unclassified",
        "lanes": "1",
        "name": "Beach Gate Road",
        "oneway": "yes",
        "smoothness": "excellent",
        "surface": "asphalt"
      },
      "geometry": {
        "type": "LineString",
        "coordinates": [
          [
            74.7883108,
            13.0141713
          ],
          [
            74.7895039,
            13.0143834
          ],
          [
            74.7918385,
            13.0147743
          ],
          [
            74.7923099,
            13.0148649
          ]
        ]
      },
      "id": "way/1468108945"
    },
    {
      "type": "Feature",
      "properties": {
        "@id": "way/1468108946",
        "handrail": "no",
        "highway": "steps",
        "incline": "down",
        "ramp": "no",
        "step_count": "4",
        "surface": "concrete"
      },
      "geometry": {
        "type": "LineString",
        "coordinates": [
          [
            74.7880953,
            13.0140465
          ],
          [
            74.7880591,
            13.0140408
          ]
        ]
      },
      "id": "way/1468108946"
    },
    {
      "type": "Feature",
      "properties": {
        "@id": "way/1468108948",
        "highway": "unclassified",
        "lane_markings": "no",
        "lanes": "2",
        "name": "NITK Beach Gate",
        "oneway": "yes",
        "smoothness": "excellent",
        "surface": "asphalt"
      },
      "geometry": {
        "type": "LineString",
        "coordinates": [
          [
            74.7883108,
            13.0141713
          ],
          [
            74.7882047,
            13.0141599
          ],
          [
            74.7881853,
            13.0141456
          ],
          [
            74.7881826,
            13.0141237
          ],
          [
            74.7881944,
            13.0141079
          ],
          [
            74.788217,
            13.0141021
          ],
          [
            74.7883259,
            13.0141313
          ]
        ]
      },
      "id": "way/1468108948"
    },
    {
      "type": "Feature",
      "properties": {
        "@id": "way/1468108949",
        "highway": "service",
        "surface": "paving_stones"
      },
      "geometry": {
        "type": "LineString",
        "coordinates": [
          [
            74.7907086,
            13.0124408
          ],
          [
            74.7909997,
            13.0123486
          ],
          [
            74.7911862,
            13.0124792
          ]
        ]
      },
      "id": "way/1468108949"
    },
    {
      "type": "Feature",
      "properties": {
        "@id": "way/1468108950",
        "highway": "footway",
        "surface": "asphalt"
      },
      "geometry": {
        "type": "LineString",
        "coordinates": [
          [
            74.7881826,
            13.0141237
          ],
          [
            74.7881279,
            13.0141161
          ],
          [
            74.7880896,
            13.0141096
          ]
        ]
      },
      "id": "way/1468108950"
    },
    {
      "type": "Feature",
      "properties": {
        "@id": "way/1468108951",
        "check_date": "2024-03-11",
        "highway": "unclassified",
        "tunnel": "yes"
      },
      "geometry": {
        "type": "LineString",
        "coordinates": [
          [
            74.7929621,
            13.0091121
          ],
          [
            74.7927547,
            13.0091147
          ]
        ]
      },
      "id": "way/1468108951"
    },
    {
      "type": "Feature",
      "properties": {
        "@id": "way/1468108952",
        "highway": "unclassified",
        "lanes": "1",
        "maxspeed": "30",
        "name": "East Underpass road",
        "oneway": "no",
        "smoothness": "excellent",
        "surface": "asphalt"
      },
      "geometry": {
        "type": "LineString",
        "coordinates": [
          [
            74.7925455,
            13.0131479
          ],
          [
            74.792524,
            13.0132054
          ],
          [
            74.7924704,
            13.0132916
          ],
          [
            74.7923953,
            13.0134354
          ]
        ]
      },
      "id": "way/1468108952"
    },
    {
      "type": "Feature",
      "properties": {
        "@id": "way/1468108954",
        "footway": "sidewalk",
        "highway": "footway",
        "smoothness": "intermediate",
        "surface": "paving_stones"
      },
      "geometry": {
        "type": "LineString",
        "coordinates": [
          [
            74.7886263,
            13.0141566
          ],
          [
            74.7894669,
            13.0143207
          ]
        ]
      },
      "id": "way/1468108954"
    },
    {
      "type": "Feature",
      "properties": {
        "@id": "way/1468423144",
        "handrail": "no",
        "highway": "steps",
        "incline": "up",
        "lit": "yes",
        "ramp": "no",
        "step_count": "4",
        "surface": "concrete"
      },
      "geometry": {
        "type": "LineString",
        "coordinates": [
          [
            74.7932612,
            13.010127
          ],
          [
            74.7932427,
            13.0101766
          ]
        ]
      },
      "id": "way/1468423144"
    },
    {
      "type": "Feature",
      "properties": {
        "@id": "way/1468423145",
        "bridge": "yes",
        "covered": "yes",
        "highway": "footway",
        "layer": "1",
        "lit": "yes",
        "name": "Overpass",
        "surface": "metal"
      },
      "geometry": {
        "type": "LineString",
        "coordinates": [
          [
            74.7932632,
            13.0112212
          ],
          [
            74.7932627,
            13.0112133
          ],
          [
            74.7932626,
            13.0111975
          ]
        ]
      },
      "id": "way/1468423145"
    },
    {
      "type": "Feature",
      "properties": {
        "@id": "way/1468423146",
        "highway": "footway",
        "incline": "up",
        "layer": "0",
        "surface": "concrete"
      },
      "geometry": {
        "type": "LineString",
        "coordinates": [
          [
            74.7932891,
            13.0115318
          ],
          [
            74.7932888,
            13.0115703
          ]
        ]
      },
      "id": "way/1468423146"
    },
    {
      "type": "Feature",
      "properties": {
        "@id": "way/1468423147",
        "highway": "footway",
        "incline": "up",
        "layer": "1",
        "lit": "yes",
        "surface": "metal"
      },
      "geometry": {
        "type": "LineString",
        "coordinates": [
          [
            74.793263,
            13.0115338
          ],
          [
            74.7932632,
            13.0112212
          ]
        ]
      },
      "id": "way/1468423147"
    },
    {
      "type": "Feature",
      "properties": {
        "@id": "way/1468423148",
        "highway": "unclassified",
        "lane_markings": "no",
        "lanes": "2",
        "name": "Gate to library",
        "oneway": "no",
        "surface": "asphalt"
      },
      "geometry": {
        "type": "LineString",
        "coordinates": [
          [
            74.7950301,
            13.0091317
          ],
          [
            74.7950316,
            13.0091926
          ],
          [
            74.7950408,
            13.009563
          ],
          [
            74.7950354,
            13.0098255
          ],
          [
            74.7949683,
            13.0098259
          ],
          [
            74.7947342,
            13.0098273
          ],
          [
            74.7946376,
            13.0098107
          ],
          [
            74.7943399,
            13.0098159
          ],
          [
            74.7940217,
            13.0098104
          ],
          [
            74.7939021,
            13.009821
          ],
          [
            74.793895,
            13.0099513
          ]
        ]
      },
      "id": "way/1468423148"
    },
    {
      "type": "Feature",
      "properties": {
        "@id": "way/1468423153",
        "highway": "footway",
        "layer": "1",
        "lit": "yes",
        "surface": "metal"
      },
      "geometry": {
        "type": "LineString",
        "coordinates": [
          [
            74.7932623,
            13.0112338
          ],
          [
            74.7932433,
            13.011234
          ]
        ]
      },
      "id": "way/1468423153"
    },
    {
      "type": "Feature",
      "properties": {
        "@id": "way/1468423155",
        "highway": "footway",
        "level": "0",
        "lit": "yes",
        "surface": "metal"
      },
      "geometry": {
        "type": "LineString",
        "coordinates": [
          [
            74.7932626,
            13.0111975
          ],
          [
            74.7932624,
            13.0112103
          ],
          [
            74.7932821,
            13.0112106
          ]
        ]
      },
      "id": "way/1468423155"
    },
    {
      "type": "Feature",
      "properties": {
        "@id": "way/1468423156",
        "highway": "footway",
        "incline": "up",
        "layer": "1",
        "lit": "yes",
        "surface": "metal",
        "width": "1.5"
      },
      "geometry": {
        "type": "LineString",
        "coordinates": [
          [
            74.7932433,
            13.011234
          ],
          [
            74.7932441,
            13.0115334
          ]
        ]
      },
      "id": "way/1468423156"
    },
    {
      "type": "Feature",
      "properties": {
        "@id": "way/1468423157",
        "highway": "footway",
        "surface": "concrete"
      },
      "geometry": {
        "type": "LineString",
        "coordinates": [
          [
            74.7932888,
            13.0115703
          ],
          [
            74.7932626,
            13.0115694
          ]
        ]
      },
      "id": "way/1468423157"
    },
    {
      "type": "Feature",
      "properties": {
        "@id": "way/1468423158",
        "highway": "footway",
        "incline": "down",
        "level": "0",
        "lit": "no",
        "surface": "metal"
      },
      "geometry": {
        "type": "LineString",
        "coordinates": [
          [
            74.7932821,
            13.0112106
          ],
          [
            74.7932831,
            13.0111493
          ]
        ]
      },
      "id": "way/1468423158"
    },
    {
      "type": "Feature",
      "properties": {
        "@id": "way/1468423159",
        "highway": "service",
        "smoothness": "excellent",
        "surface": "asphalt"
      },
      "geometry": {
        "type": "LineString",
        "coordinates": [
          [
            74.7939335,
            13.0109725
          ],
          [
            74.7939344,
            13.0110379
          ],
          [
            74.7939392,
            13.0113944
          ],
          [
            74.7939406,
            13.011497
          ]
        ]
      },
      "id": "way/1468423159"
    },
    {
      "type": "Feature",
      "properties": {
        "@id": "way/1468423160",
        "highway": "footway",
        "layer": "1",
        "surface": "metal"
      },
      "geometry": {
        "type": "LineString",
        "coordinates": [
          [
            74.7932441,
            13.0115334
          ],
          [
            74.793263,
            13.0115338
          ]
        ]
      },
      "id": "way/1468423160"
    },
    {
      "type": "Feature",
      "properties": {
        "@id": "way/1468423161",
        "highway": "footway",
        "smoothness": "intermediate",
        "surface": "paving_stones"
      },
      "geometry": {
        "type": "LineString",
        "coordinates": [
          [
            74.7932492,
            13.0107583
          ],
          [
            74.7939011,
            13.010755
          ]
        ]
      },
      "id": "way/1468423161"
    },
    {
      "type": "Feature",
      "properties": {
        "@id": "way/1468423162",
        "highway": "footway",
        "lit": "no",
        "smoothness": "intermediate",
        "surface": "paving_stones",
        "width": "2"
      },
      "geometry": {
        "type": "LineString",
        "coordinates": [
          [
            74.7932427,
            13.0101766
          ],
          [
            74.7932203,
            13.0102844
          ],
          [
            74.7932289,
            13.0103408
          ],
          [
            74.79326,
            13.0103944
          ],
          [
            74.7932675,
            13.0104442
          ],
          [
            74.7932704,
            13.0106448
          ]
        ]
      },
      "id": "way/1468423162"
    },
    {
      "type": "Feature",
      "properties": {
        "@id": "way/1468423163",
        "highway": "footway",
        "smoothness": "intermediate",
        "surface": "paving_stones"
      },
      "geometry": {
        "type": "LineString",
        "coordinates": [
          [
            74.7932496,
            13.0108627
          ],
          [
            74.7939004,
            13.0108662
          ]
        ]
      },
      "id": "way/1468423163"
    },
    {
      "type": "Feature",
      "properties": {
        "@id": "way/1468423164",
        "highway": "service",
        "smoothness": "intermediate",
        "surface": "asphalt"
      },
      "geometry": {
        "type": "LineString",
        "coordinates": [
          [
            74.7918485,
            13.0115182
          ],
          [
            74.7918138,
            13.0115248
          ],
          [
            74.7917838,
            13.0115493
          ],
          [
            74.7917694,
            13.0115747
          ],
          [
            74.7916854,
            13.0120034
          ],
          [
            74.7916749,
            13.0124152
          ]
        ]
      },
      "id": "way/1468423164"
    },
    {
      "type": "Feature",
      "properties": {
        "@id": "way/1468423165",
        "highway": "footway",
        "smoothness": "intermediate",
        "surface": "paving_stones"
      },
      "geometry": {
        "type": "LineString",
        "coordinates": [
          [
            74.7939344,
            13.0110379
          ],
          [
            74.793309,
            13.0110387
          ],
          [
            74.7933161,
            13.0113632
          ],
          [
            74.7933143,
            13.0115358
          ]
        ]
      },
      "id": "way/1468423165"
    },
    {
      "type": "Feature",
      "properties": {
        "@id": "way/1468423166",
        "bridge": "yes",
        "covered": "yes",
        "highway": "footway",
        "layer": "1",
        "lit": "yes",
        "name": "Overpass",
        "surface": "metal",
        "width": "1.5"
      },
      "geometry": {
        "type": "LineString",
        "coordinates": [
          [
            74.792573,
            13.0112261
          ],
          [
            74.792583,
            13.0112262
          ],
          [
            74.7932267,
            13.0112211
          ],
          [
            74.7932632,
            13.0112212
          ]
        ]
      },
      "id": "way/1468423166"
    },
    {
      "type": "Feature",
      "properties": {
        "@id": "way/1468423167",
        "highway": "service",
        "smoothness": "intermediate",
        "surface": "paving_stones"
      },
      "geometry": {
        "type": "LineString",
        "coordinates": [
          [
            74.7930375,
            13.0119142
          ],
          [
            74.7930704,
            13.0119142
          ],
          [
            74.7930744,
            13.0120864
          ],
          [
            74.7930385,
            13.012087
          ]
        ]
      },
      "id": "way/1468423167"
    },
    {
      "type": "Feature",
      "properties": {
        "@id": "way/1468423168",
        "highway": "footway",
        "lit": "no",
        "smoothness": "intermediate",
        "surface": "paving_stones",
        "width": "1.5"
      },
      "geometry": {
        "type": "LineString",
        "coordinates": [
          [
            74.7933161,
            13.0113632
          ],
          [
            74.7933619,
            13.0113815
          ],
          [
            74.7939392,
            13.0113944
          ]
        ]
      },
      "id": "way/1468423168"
    },
    {
      "type": "Feature",
      "properties": {
        "@id": "way/1468423169",
        "highway": "footway",
        "incline": "up",
        "layer": "0",
        "lit": "yes",
        "surface": "metal",
        "width": "1.5"
      },
      "geometry": {
        "type": "LineString",
        "coordinates": [
          [
            74.7932626,
            13.0115694
          ],
          [
            74.7932623,
            13.0112338
          ]
        ]
      },
      "id": "way/1468423169"
    },
    {
      "type": "Feature",
      "properties": {
        "@id": "way/1543032156",
        "highway": "unclassified",
        "lane_markings": "no",
        "name": "Green Meadows",
        "surface": "concrete"
      },
      "geometry": {
        "type": "LineString",
        "coordinates": [
          [
            74.7913838,
            13.0137012
          ],
          [
            74.7913891,
            13.0136304
          ],
          [
            74.7913922,
            13.0135985
          ],
          [
            74.7913165,
            13.013566
          ],
          [
            74.7912493,
            13.0135309
          ],
          [
            74.7907521,
            13.0130265
          ],
          [
            74.7907371,
            13.0130031
          ],
          [
            74.7907276,
            13.0129751
          ],
          [
            74.7907168,
            13.0129246
          ],
          [
            74.7907086,
            13.0124408
          ]
        ]
      },
      "id": "way/1543032156"
    }
  ]
}